Manufacturer,Category,GPU,OS,CPU_core,Screen_Size_inch,CPU_frequency,RAM_GB,Storage_GB_SSD,Weight,Price,IPS,Touchscreen,Full_HD,HD_1920,Price-binned
HP,3,2,0,7,15.6,2.7,6,256,2.04,5148468,0,0,0,0,Low
Asus,1,3,0,7,17.3,2.8,16,256,2.99,15552108,0,0,1,1,Low
Dell,3,2,0,7,15.6,2.7,12,512,2.19,11550708,1,1,1,1,Low
Toshiba,3,2,0,5,13.3,2.3,4,128,1.2,10625940,0,0,1,1,Low
Lenovo,3,1,0,5,15.6,3.6,6,256,2.2,4881708,0,0,1,1,Low
Fujitsu,3,2,0,5,15.6,2.3,4,256,2.3,5770908,0,0,0,0,Low
Toshiba,3,2,0,5,14.0,2.3,4,256,1.75,8136180,0,0,0,0,Low
Dell,3,1,0,5,15.6,2.5,4,256,2.25,5326308,0,0,0,0,Low
HP,3,2,0,5,15.6,2.5,8,256,2.04,7166952,0,0,1,1,Low
Lenovo,1,3,0,7,15.6,2.8,8,128,2.5,10572588,1,0,1,1,Low
Dell,3,1,0,7,15.6,2.7,8,256,2.36,6660108,0,0,0,0,Low
Dell,3,2,0,5,14.0,2.5,8,128,1.6,9950148,0,0,1,1,Low
HP,2,2,0,5,12.5,1.2,8,512,0.97,16965936,0,0,1,1,Low
HP,3,1,0,3,15.6,2.0,4,128,2.1,4437108,0,0,1,1,Low
Lenovo,3,2,1,5,15.6,1.1,4,128,1.9,2406353,0,0,0,0,Low
Lenovo,3,2,0,5,15.6,2.3,8,256,2.3,11995308,0,0,1,1,Low
Dell,3,2,0,5,13.3,2.5,8,256,1.68,7904988,0,1,1,1,Low
Asus,3,2,0,5,13.3,2.5,8,256,1.4,10225800,0,0,0,0,Low
HP,4,2,0,7,13.3,2.7,8,256,1.11,11995308,1,1,1,1,Low
Acer,3,2,0,5,15.6,1.1,4,256,2.4,3378960,0,0,0,0,Low
Asus,1,3,0,7,15.6,2.8,16,256,2.5,15996708,0,0,1,1,Low
HP,4,2,0,7,14.0,2.7,8,512,1.48,18575388,0,0,1,1,Low
Acer,1,3,0,7,15.6,2.8,8,128,2.7,11203920,1,0,1,1,Low
HP,3,2,0,5,13.3,2.5,8,256,1.34,10572588,1,0,1,1,Low
Dell,3,2,0,3,15.6,2.4,4,128,2.18,4863924,0,0,0,0,Low
HP,3,2,0,5,14.0,2.5,4,256,1.64,6926868,0,0,0,0,Low
Toshiba,3,2,0,5,13.3,2.3,4,128,1.2,10625940,0,0,1,1,Low
HP,3,2,0,5,14.0,2.4,4,256,1.48,9781111,0,0,0,0,Low
HP,3,2,0,5,14.0,2.5,4,256,1.95,10714860,0,0,1,1,Low
HP,4,2,0,7,14.0,2.6,8,256,1.43,12884508,0,0,1,1,Low
HP,3,3,0,5,14.0,2.5,8,256,1.64,9330019,0,0,1,1,Low
HP,3,2,0,3,14.0,2.4,4,256,1.64,6082128,0,0,0,0,Low
Dell,1,3,0,5,15.6,2.5,8,256,2.65,8438508,0,0,1,1,Low
HP,4,2,0,5,12.5,2.5,4,256,1.26,13684788,0,0,1,1,Low
HP,3,2,0,5,14.0,2.5,4,256,1.48,14138280,0,0,1,1,Low
HP,4,2,0,7,14.0,2.5,8,256,1.54,16781071,0,0,1,1,Low
HP,3,2,0,3,13.3,2.4,4,256,1.49,7113600,0,0,0,0,Low
Toshiba,3,2,0,5,13.3,2.3,8,256,1.5,10759320,0,0,0,0,Low
HP,3,2,0,3,15.6,2.4,4,256,2.04,6846751,0,0,0,0,Low
Lenovo,3,3,0,7,17.3,2.7,16,512,2.4,26391456,1,0,0,0,Medium
Toshiba,3,2,0,5,14.0,2.3,8,256,1.47,13249080,1,0,1,1,Low
HP,3,2,0,7,14.0,2.5,8,256,1.43,19820268,0,0,1,1,Medium
Dell,3,2,0,3,15.6,2.3,4,256,2.08,7077943,1,1,1,1,Low
Toshiba,4,2,0,5,13.3,2.3,8,256,1.2,14138280,0,0,1,1,Low
HP,3,2,0,5,13.3,2.5,8,256,1.11,10216908,1,0,1,1,Low
HP,3,3,0,7,14.0,2.7,8,256,1.64,10540843,0,0,1,1,Low
Dell,3,2,0,5,15.6,2.4,8,256,2.09,9304944,0,0,1,1,Low
HP,4,2,0,5,12.5,2.5,4,256,1.26,13862628,0,0,0,0,Low
HP,3,2,0,5,14.0,2.5,4,256,2.31,10572588,0,0,0,0,Low
HP,3,2,0,5,14.0,2.5,4,256,1.95,9425520,0,0,0,0,Low
Dell,4,2,0,5,13.3,2.5,8,256,1.29,14440608,0,1,0,0,Low
HP,3,3,0,5,17.3,2.5,8,256,2.63,9603360,0,0,1,1,Low
HP,3,2,0,5,14.0,2.5,4,256,1.64,8651916,0,0,0,0,Low
Acer,3,1,0,5,15.6,3.0,6,256,2.1,3636828,0,0,0,0,Low
MSI,1,3,0,7,17.3,2.8,8,128,2.7,10597485,0,0,1,1,Low
HP,3,2,0,5,14.0,2.3,8,256,1.95,10625940,0,0,1,1,Low
HP,3,2,0,7,15.6,2.5,8,256,1.84,10928179,0,0,1,1,Low
HP,4,2,0,7,12.5,2.5,8,256,1.26,11995308,0,0,1,1,Low
HP,3,2,0,5,15.6,2.5,4,256,2.04,6597864,0,0,0,0,Low
Toshiba,4,2,0,7,14.0,2.6,8,256,1.47,15338700,1,0,1,1,Low
Dell,3,2,0,5,15.6,2.4,8,256,2.09,9451751,0,0,1,1,Low
HP,3,2,0,5,14.0,2.5,8,256,1.64,8985454,0,0,1,1,Low
Lenovo,3,2,0,7,15.6,2.5,4,256,1.8,7531524,1,1,1,1,Low
Vero,3,2,0,5,14.0,1.44,2,256,1.45,1874433,0,0,0,0,Low
Toshiba,3,3,0,7,15.6,2.5,16,256,2.4,12671100,1,0,1,1,Low
Lenovo,3,2,0,5,15.6,2.3,8,256,2.3,9333043,0,0,1,1,Low
HP,3,2,0,5,14.0,2.3,4,256,1.54,8892000,0,0,1,1,Low
HP,3,2,0,5,15.6,2.4,8,256,1.84,18702899,0,0,1,1,Low
HP,3,2,0,5,14.0,2.3,8,256,1.43,13062348,0,0,1,1,Low
MSI,1,3,0,7,17.3,2.7,16,256,3.78,13743830,1,0,1,1,Low
Lenovo,1,3,0,7,17.3,2.6,16,128,4.6,20362591,1,0,1,1,Medium
Asus,2,2,3,5,11.6,1.6,4,256,1.2,2560006,0,0,0,0,Low
Lenovo,3,2,0,7,14.0,2.6,16,256,1.1,23297040,1,0,0,0,Medium
HP,3,3,0,7,15.6,2.7,8,256,1.91,8705268,1,0,1,1,Low
Dell,3,2,0,5,15.6,2.7,8,256,2.3,9727848,1,1,1,1,Low
HP,3,2,0,5,15.6,2.5,4,256,2.04,8705268,0,0,0,0,Low
Dell,4,2,0,7,13.3,2.7,16,256,1.2,20042568,0,1,0,0,Medium
HP,3,2,0,3,15.6,2.3,4,256,2.31,6270193,0,0,0,0,Low
HP,3,2,1,5,15.6,2.5,4,256,1.96,4437108,0,0,0,0,Low
Acer,3,1,0,5,15.6,2.2,8,256,2.4,3992508,0,0,0,0,Low
Dell,3,2,0,7,13.3,2.7,12,256,1.6,11550708,1,1,1,1,Low
MSI,1,3,0,7,15.6,2.6,16,256,2.94,16174548,0,0,1,1,Low
HP,3,2,0,7,15.6,2.7,8,256,2.04,9514440,0,0,1,1,Low
Asus,1,3,1,7,17.3,2.6,16,256,4.0,8874216,1,0,1,1,Low
Dell,3,2,0,5,15.6,2.5,4,256,2.25,4970628,0,0,1,1,Low
Dell,3,1,0,7,15.6,2.7,16,256,2.32,8802991,0,0,1,1,Low
MSI,1,3,0,7,15.6,2.6,16,256,1.8,17152668,0,0,1,1,Low
Dell,4,2,0,7,13.3,2.7,8,256,1.29,12964536,0,0,1,1,Low
Asus,1,3,0,7,17.3,2.7,64,256,3.58,35345700,1,0,1,1,Medium
Dell,3,2,0,7,13.3,2.5,8,256,1.62,7095904,0,1,1,1,Low
Dell,1,3,0,7,15.6,2.6,16,256,3.21,11817468,0,0,0,0,Low
Apple,4,2,0,5,12.0,1.1,8,256,0.92,11559600,1,0,0,0,Low
Dell,3,2,0,3,15.6,2.3,4,256,2.06,4285766,0,0,0,0,Low
HP,3,2,0,5,15.6,2.3,4,256,2.31,10661508,0,0,0,0,Low
HP,4,2,0,5,12.5,2.3,8,256,1.26,10661508,0,0,1,1,Low
HP,3,2,0,7,13.3,2.7,8,256,1.49,9692280,0,0,1,1,Low
Lenovo,4,2,0,7,12.5,2.5,8,256,1.3,15236353,1,1,1,1,Low
Lenovo,3,1,0,5,17.3,2.3,8,256,3.0,5859828,0,0,0,0,Low
Lenovo,3,3,0,5,15.6,2.3,4,256,2.3,8687484,1,0,1,1,Low
MSI,1,3,0,7,17.3,2.8,16,256,3.78,22221108,0,0,1,1,Medium
Lenovo,3,2,0,5,15.6,2.3,4,256,2.1,4801680,0,0,0,0,Low
HP,3,2,0,5,15.6,2.3,4,256,2.31,8358480,0,0,1,1,Low
Lenovo,4,2,0,5,12.5,1.2,8,512,0.99,12439908,1,1,0,0,Low
Lenovo,1,3,0,7,17.3,2.7,32,512,4.6,28810080,1,0,1,1,Medium
Lenovo,3,2,0,5,10.1,1.44,4,256,0.69,5746632,1,1,0,0,Low
HP,4,2,0,7,13.3,2.7,16,512,1.3,18219708,1,0,0,0,Low
Dell,3,2,0,5,15.6,2.5,8,256,2.18,6669000,0,0,1,1,Low
HP,3,2,0,5,14.0,2.3,4,256,1.54,9167563,0,0,1,1,Low
HP,5,1,0,7,15.6,2.5,8,256,1.9,13293540,0,0,1,1,Low
Lenovo,3,2,0,5,14.0,2.3,8,1,1.7,10661508,0,0,1,1,Low
HP,3,2,3,5,13.3,1.5,4,256,1.29,5468580,0,0,0,0,Low
Acer,3,1,0,5,15.6,2.2,4,256,2.4,3441204,0,0,0,0,Low
Dell,3,2,2,5,15.6,1.6,4,256,2.2,3498913,0,0,0,0,Low
HP,3,2,1,3,15.6,2.0,4,256,1.86,3076543,0,0,0,0,Low
Asus,1,3,0,7,17.3,2.8,8,256,2.7,14218308,1,0,1,1,Low
Dell,4,1,0,5,13.3,1.6,4,256,1.4,7276768,1,0,1,1,Low
HP,2,2,0,5,12.5,2.3,4,128,2.4,14218308,0,0,0,0,Low
Acer,3,3,0,5,15.6,2.5,8,256,2.4,7104708,0,0,1,1,Low
Dell,3,1,0,5,15.6,2.5,8,256,2.36,5680209,0,0,1,1,Low
MSI,1,3,0,7,17.3,2.6,8,256,2.6,14218308,0,0,1,1,Low
HP,3,2,0,5,15.6,1.6,4,256,1.96,4446000,0,0,0,0,Low
Asus,1,3,0,7,17.3,2.6,16,128,4.3,20442708,1,0,1,1,Medium
Dell,4,2,0,3,12.5,2.3,4,256,1.5,10093753,0,0,0,0,Low
Dell,4,2,0,3,12.5,2.3,4,128,1.5,10376697,0,0,0,0,Low
Acer,3,2,3,5,15.6,1.5,4,16,2.2,1858428,0,0,0,0,Low
HP,5,1,0,7,17.3,2.6,8,256,3.0,25777908,1,0,1,1,Medium
Lenovo,1,3,0,7,15.6,2.8,16,512,2.4,10661508,0,0,1,1,Low
Dell,4,2,0,5,12.5,2.3,8,256,1.5,12565285,0,0,0,0,Low
MSI,1,3,0,7,17.3,2.6,8,128,2.9,13437501,0,0,1,1,Low
Lenovo,3,2,0,5,15.6,2.3,4,256,2.1,7709364,1,1,1,1,Low
HP,3,1,0,5,15.6,2.5,4,256,2.1,3539016,0,0,1,1,Low
Asus,1,3,0,7,15.6,2.6,16,128,2.59,11906388,1,0,1,1,Low
HP,3,2,0,5,13.3,1.1,8,256,1.16,15107508,0,1,0,0,Low
Dell,3,1,0,5,15.6,2.3,4,256,2.24,6839281,0,0,0,0,Low
Lenovo,3,2,0,3,15.6,2.0,4,128,2.1,3814668,0,0,0,0,Low
HP,4,2,0,7,13.3,2.5,8,512,1.16,17508348,0,0,1,1,Low
Lenovo,3,2,5,5,10.1,1.44,4,256,0.69,4881708,1,1,0,0,Low
Dell,4,2,0,7,13.3,2.4,8,256,1.23,12262068,0,0,1,1,Low
Lenovo,1,3,0,7,17.3,2.7,16,256,4.6,24452911,1,0,1,1,Medium
Razer,4,2,0,7,12.5,2.5,8,256,1.25,9149868,0,1,0,0,Low
Toshiba,4,2,0,7,13.3,2.7,16,512,1.05,19793592,0,0,1,1,Medium
Asus,1,3,0,7,17.3,2.6,8,128,3.52,11670661,0,0,1,1,Low
Vero,3,2,0,5,13.3,1.44,4,256,1.35,1742832,0,0,1,1,Low
HP,3,2,0,5,13.3,2.3,8,256,1.16,15027480,0,0,1,1,Low
HP,3,2,0,5,14.0,2.3,8,256,1.43,13453596,0,0,1,1,Low
Dell,3,2,2,5,15.6,2.3,4,256,2.09,4656117,0,0,0,0,Low
Asus,3,2,0,3,15.6,2.4,4,256,2.0,3868020,0,0,0,0,Low
Lenovo,3,2,0,7,14.0,2.5,8,256,1.8,14840748,1,1,1,1,Low
Lenovo,3,2,0,5,10.1,1.44,4,256,0.69,4259268,1,1,0,0,Low
HP,4,2,0,5,12.5,2.4,8,256,1.26,16850340,0,0,0,0,Low
Lenovo,1,3,1,5,15.6,2.5,8,128,2.4,8794188,1,0,1,1,Low
HP,1,3,0,5,17.3,2.3,8,128,3.35,10039068,1,0,1,1,Low
HP,3,2,0,7,15.6,2.7,8,256,2.04,5593068,0,0,0,0,Low
Lenovo,3,3,0,7,14.0,2.6,8,512,1.8,18231978,1,1,1,1,Low
Asus,3,2,0,5,14.0,1.1,4,256,1.5,2471976,0,0,0,0,Low
HP,4,2,0,7,15.6,2.7,8,256,1.84,6686784,0,0,1,1,Low
Acer,3,3,0,5,15.6,2.5,4,256,2.23,5477472,0,0,1,1,Low
Lenovo,3,1,0,7,15.6,2.5,16,256,2.5,9772308,0,0,1,1,Low
HP,5,3,0,7,17.3,2.6,8,256,3.0,35118064,1,0,1,1,Medium
Dell,3,1,0,5,15.6,2.5,8,256,2.5,6971328,0,0,0,0,Low
MSI,1,3,0,7,17.3,2.7,16,256,3.78,21331908,0,0,1,1,Medium
HP,4,2,0,7,15.6,2.5,8,256,1.88,19310934,0,0,1,1,Medium
Lenovo,3,2,0,7,14.0,2.6,16,512,2.8,21696480,1,1,0,0,Medium
MSI,1,3,0,7,15.6,2.8,8,128,2.4,10161777,0,0,1,1,Low
HP,3,2,0,5,13.3,2.4,8,256,1.48,14485068,0,1,1,1,Low
HP,5,3,0,7,15.6,2.6,8,256,2.59,19820268,1,0,1,1,Medium
HP,3,2,0,7,13.3,2.6,8,256,1.48,15996708,0,1,0,0,Low
HP,5,3,0,7,15.6,2.6,8,256,2.0,16885908,0,0,1,1,Low
HP,4,2,0,7,12.5,2.5,8,256,1.26,20424479,0,0,1,1,Medium
Dell,3,3,0,7,15.6,2.7,8,256,2.18,8980030,0,0,1,1,Low
HP,3,2,0,5,15.6,2.3,8,256,1.88,14040468,0,0,1,1,Low
Lenovo,3,2,0,7,14.0,2.5,8,256,1.27,20798388,1,1,0,0,Medium
Lenovo,3,2,1,3,15.6,2.0,4,256,1.9,3014388,0,0,0,0,Low
HP,3,1,0,5,15.6,1.8,4,256,1.86,2640924,0,0,0,0,Low
Lenovo,3,1,1,5,15.6,2.3,8,256,2.32,5326308,0,0,1,1,Low
Dell,1,3,0,7,15.6,2.8,8,256,2.62,10661508,0,0,1,1,Low
Dell,3,3,0,5,15.6,2.3,8,256,2.04,20013046,1,1,0,0,Medium
HP,3,1,0,5,15.6,2.5,4,256,1.91,4258289,0,0,1,1,Low
MSI,1,3,0,7,17.3,2.8,16,256,2.7,13273977,0,0,1,1,Low
Lenovo,4,2,0,7,14.0,2.6,12,512,1.4,20442708,0,0,1,1,Medium
Lenovo,3,1,0,5,15.6,2.3,8,256,2.5,7011253,0,0,1,1,Low
HP,3,2,0,7,13.3,2.6,8,512,1.48,18148572,0,1,0,0,Low
Lenovo,4,2,0,7,14.0,2.6,8,256,1.7,13329108,0,0,1,1,Low
MSI,1,3,0,7,14.0,2.6,16,256,1.7,15729948,0,0,1,1,Low
HP,1,3,0,7,15.6,2.8,8,256,2.62,7993908,1,0,1,1,Low
Lenovo,3,2,0,3,15.6,2.0,8,256,2.2,4081428,0,0,0,0,Low
HP,3,2,1,5,15.6,2.3,4,256,2.1,4241395,0,0,0,0,Low
Dell,1,3,0,7,15.6,2.8,8,128,2.62,13320216,0,0,0,0,Low
Lenovo,3,2,0,5,15.6,2.5,8,256,1.95,12359880,1,0,1,1,Low
Lenovo,3,3,0,3,15.6,2.0,4,256,2.2,4161456,0,0,1,1,Low
HP,3,2,0,5,14.0,1.6,2,256,1.44,2214108,0,0,0,0,Low
MSI,1,3,0,7,15.6,2.7,8,256,2.2,7460388,1,0,1,1,Low
HP,3,2,0,7,15.6,2.5,8,256,1.96,6037668,0,0,1,1,Low
HP,3,2,0,7,15.6,1.8,16,512,2.1,10305828,0,0,1,1,Low
Asus,3,2,0,5,15.6,1.6,4,256,2.2,3281148,0,0,0,0,Low
Lenovo,3,2,1,5,15.6,2.3,4,256,2.1,3539016,0,0,0,0,Low
Lenovo,3,3,1,7,15.6,2.7,8,256,2.2,6304428,0,0,1,1,Low
Asus,3,2,0,3,14.0,2.4,4,256,2.0,6837948,0,0,1,1,Low
Lenovo,3,2,0,7,15.6,2.5,4,256,2.32,7335900,0,0,1,1,Low
Lenovo,1,3,0,7,15.6,2.6,16,512,3.31,11604060,1,0,1,1,Low
MSI,1,3,0,7,15.6,2.6,16,128,1.91,19147766,0,0,1,1,Medium
HP,3,2,0,3,15.6,2.3,4,256,2.07,5779800,0,0,0,0,Low
Lenovo,3,2,0,5,14.0,2.3,8,256,1.36,14556204,1,1,0,0,Low
Lenovo,4,3,0,7,15.6,2.7,6,256,1.54,7389252,0,0,1,1,Low
Dell,3,3,2,7,15.6,2.7,8,256,1.98,7958428,0,0,1,1,Low
Acer,3,2,0,5,15.6,2.0,4,256,2.1,2961036,0,0,0,0,Low
HP,3,3,0,7,15.6,2.6,6,256,2.18,7104708,1,0,1,1,Low
Asus,1,3,0,7,15.6,2.6,8,256,2.591,8082828,1,0,1,1,Low
Dell,3,2,0,7,15.6,2.7,16,512,2.09,10483668,0,1,1,1,Low
Acer,3,3,0,5,15.6,2.5,4,256,2.23,6144372,0,0,1,1,Low
Dell,4,2,2,5,13.3,2.4,8,256,1.23,9772308,0,1,0,0,Low
Acer,1,3,0,7,17.3,2.8,16,256,4.2,23110308,1,0,1,1,Medium
Lenovo,1,3,0,5,15.6,2.5,8,256,2.4,7282548,1,0,1,1,Low
Samsung,3,0,3,5,12.3,2.0,4,256,1.15,5859828,1,1,0,0,Low
HP,3,2,0,5,15.6,2.5,4,256,1.86,4312620,0,0,0,0,Low
Apple,4,2,0,5,12.0,1.1,8,256,0.92,10341396,1,0,0,0,Low
Dell,3,2,0,5,13.3,2.5,8,256,1.6,10661508,1,1,1,1,Low
HP,3,3,0,7,15.6,2.8,12,128,2.21,11799684,1,0,1,1,Low
Lenovo,3,1,1,3,15.6,2.0,4,256,1.9,3272256,0,0,0,0,Low
Asus,1,3,0,7,17.3,2.6,16,512,4.3,19117800,1,0,1,1,Medium
Acer,3,2,2,5,15.6,2.0,4,256,2.1,2418624,0,0,0,0,Low
MSI,1,3,0,7,17.3,2.8,16,256,2.43,18218818,0,0,1,1,Low
Dell,3,1,0,3,15.6,2.0,4,128,2.3,4437108,0,0,0,0,Low
Lenovo,3,3,1,7,15.6,2.5,8,256,2.2,5593068,0,0,0,0,Low
Dell,3,2,0,7,15.6,1.8,16,512,2.0,11426220,0,1,1,1,Low
Dell,4,2,0,7,13.3,2.7,16,512,1.2,23830560,0,1,0,0,Medium
Asus,1,3,0,7,15.6,2.6,8,256,2.2,10394748,0,0,1,1,Low
Dell,3,1,0,5,15.6,2.5,8,256,2.36,7904988,0,0,1,1,Low
HP,3,2,0,5,15.6,2.5,8,256,1.91,5148468,0,0,0,0,Low
Lenovo,3,1,0,5,15.6,2.2,4,256,2.2,2658708,0,0,0,0,Low
Acer,3,3,0,3,17.3,2.0,8,256,3.3,5593068,0,0,0,0,Low
Asus,1,3,0,7,15.6,2.8,16,256,2.2,21776508,0,0,1,1,Medium
Apple,4,2,0,5,12.0,1.2,8,256,0.92,11372868,1,0,0,0,Low
Asus,3,3,0,7,15.6,2.8,16,128,2.2,15552108,0,0,1,1,Low
MSI,1,3,0,7,17.3,2.6,16,256,2.43,17330419,1,0,1,1,Low
Dell,3,2,0,5,15.6,2.5,8,256,2.191,8883108,1,1,1,1,Low
Asus,1,3,0,7,17.3,2.8,16,256,2.9,17330508,0,0,1,1,Low
Acer,2,2,3,5,11.6,1.5,2,32,1.3,1547208,0,0,0,0,Low
Acer,3,3,0,3,17.3,2.0,4,256,3.3,5317416,0,0,0,0,Low
Lenovo,3,2,1,5,17.3,2.5,8,256,2.8,4792788,0,0,0,0,Low
Lenovo,1,3,0,7,15.6,2.6,8,128,2.6,11310624,1,0,1,1,Low
Acer,3,2,0,7,14.0,1.3,8,256,1.2,10216908,1,1,1,1,Low
Lenovo,3,2,0,7,15.6,2.6,8,256,2.3,13595868,1,0,1,1,Low
MSI,1,3,0,7,15.6,2.6,8,128,2.2,13125570,0,0,1,1,Low
HP,3,1,0,5,15.6,2.7,6,256,2.1,4703868,0,0,1,1,Low
Dell,4,2,0,5,12.5,2.4,8,256,1.26,15235286,0,1,1,1,Low
Dell,3,2,0,3,15.0,2.4,4,256,2.08,4526028,0,1,1,1,Low
Asus,3,2,0,5,15.6,1.6,4,256,2.65,2747628,0,0,0,0,Low
Dell,4,2,0,7,13.3,2.7,8,256,1.29,13133484,0,1,0,0,Low
Dell,3,2,2,5,15.6,2.5,4,256,2.18,4640379,0,0,0,0,Low
Lenovo,1,3,0,7,15.6,2.6,16,128,2.6,9149868,1,1,1,1,Low
MSI,1,3,0,7,15.6,2.8,8,128,2.2,10216908,0,0,1,1,Low
Lenovo,2,2,0,7,12.5,2.5,16,512,1.3,14671800,1,1,1,1,Low
Razer,1,3,0,7,14.0,2.8,16,256,1.95,31113108,0,0,1,1,Medium
Dell,3,2,0,3,15.6,2.4,8,256,2.3,4170436,0,1,0,0,Low
MSI,1,3,0,7,17.3,2.8,16,256,2.7,14209416,0,0,1,1,Low
Apple,4,2,0,5,11.6,1.6,4,256,1.08,8527428,0,0,0,0,Low
HP,3,2,0,3,15.6,2.0,4,256,2.1,4250376,0,0,1,1,Low
HP,4,2,0,7,14.0,2.5,8,256,1.54,19546305,0,0,0,0,Medium
Dell,3,2,0,5,15.6,2.3,4,256,2.24,6553404,0,0,0,0,Low
MSI,1,3,0,7,15.6,2.6,8,128,2.3,10394748,0,0,1,1,Low
Lenovo,3,2,0,7,13.3,2.7,16,512,1.4,13329108,1,0,1,1,Low
Lenovo,3,1,0,5,15.6,3.6,6,256,2.2,5313592,0,0,1,1,Low
Asus,4,2,0,7,13.3,2.5,8,256,1.45,11381760,0,0,1,1,Low
Acer,3,2,2,3,15.6,2.0,4,256,2.4,3217125,0,0,0,0,Low
Dell,3,3,0,7,17.3,2.7,16,512,2.77,15996708,0,1,1,1,Low
HP,3,2,0,5,14.0,2.3,4,256,1.54,9781111,0,0,1,1,Low
Asus,1,3,0,7,15.6,2.8,16,256,2.5,14227200,1,0,1,1,Low
Dell,3,2,0,5,14.0,2.5,4,256,1.6,7780500,0,0,0,0,Low
Asus,1,3,0,7,15.6,2.6,16,256,2.34,20673900,1,0,1,1,Medium
Lenovo,3,2,1,5,15.6,2.5,8,256,2.3,5095116,1,0,1,1,Low
Dell,3,2,0,5,13.3,1.2,8,256,1.24,16121196,0,1,0,0,Low
Dell,3,2,2,5,15.6,1.6,4,256,2.2,2881008,0,0,0,0,Low
HP,3,1,0,5,15.6,2.5,4,256,1.86,3547908,0,0,0,0,Low
Lenovo,3,3,0,3,15.6,2.3,6,128,2.4,5059548,0,0,1,1,Low
Lenovo,3,2,0,5,14.0,2.3,8,256,1.9,9532224,1,0,1,1,Low
Dell,3,2,0,5,15.6,1.6,4,256,2.2,3947959,0,0,0,0,Low
Asus,3,2,0,5,15.6,1.1,4,256,2.0,3014388,0,0,0,0,Low
Asus,1,3,0,7,17.3,2.6,16,128,4.0,16894800,1,0,1,1,Low
Dell,3,2,0,3,15.6,2.0,4,256,2.29,4357080,0,0,0,0,Low
Lenovo,3,1,0,7,15.6,2.5,8,256,2.32,7958340,0,0,1,1,Low
MSI,1,3,0,7,15.6,2.6,8,128,2.4,10928268,0,0,1,1,Low
Lenovo,3,2,0,5,14.0,2.3,4,128,1.8,7407124,0,1,1,1,Low
Asus,4,2,0,5,13.3,0.9,8,512,1.2,6482268,1,0,1,1,Low
Dell,3,2,0,3,15.6,2.4,6,256,2.3,4081428,0,0,0,0,Low
Acer,3,2,2,5,15.6,1.6,4,256,2.4,2569788,0,0,0,0,Low
Dell,3,2,0,5,15.6,1.6,2,256,2.2,3370068,0,0,0,0,Low
Lenovo,3,3,0,7,15.6,2.6,8,256,2.6,7993908,1,0,1,1,Low
HP,3,1,0,5,15.6,2.9,6,256,2.04,4890511,0,0,1,1,Low
Dell,3,1,2,7,15.6,2.7,8,256,2.3,7166863,0,0,0,0,Low
HP,2,2,0,5,11.6,1.6,2,256,1.17,1858428,0,0,0,0,Low
Asus,3,3,0,7,15.6,2.5,4,256,2.2,6405085,0,0,0,0,Low
Lenovo,3,2,0,7,14.0,2.5,4,128,1.8,5673096,1,1,1,1,Low
Lenovo,3,2,0,7,13.3,2.5,16,512,1.3,13329108,1,1,0,0,Low
Lenovo,3,2,0,5,14.0,1.6,2,256,1.5,2036268,0,0,0,0,Low
HP,3,1,0,7,15.6,2.5,6,256,2.19,6793488,0,0,0,0,Low
Asus,3,2,0,5,15.6,1.6,4,256,2.2,3281148,0,0,0,0,Low
Asus,4,2,0,5,13.3,0.9,8,512,1.2,6482268,1,0,1,1,Low
Dell,3,2,0,3,15.6,2.4,6,256,2.3,4081428,0,0,0,0,Low
Acer,3,2,2,5,15.6,1.6,4,256,2.4,2569788,0,0,0,0,Low
Dell,3,2,0,5,15.6,1.6,2,256,2.2,3370068,0,0,0,0,Low
Lenovo,3,3,0,7,15.6,2.6,8,256,2.6,7993908,1,0,1,1,Low
HP,3,1,0,5,15.6,2.9,6,256,2.04,4890511,0,0,1,1,Low
Dell,3,1,2,7,15.6,2.7,8,256,2.3,7166863,0,0,0,0,Low
HP,2,2,0,5,11.6,1.6,2,256,1.17,1858428,0,0,0,0,Low
Asus,3,3,0,7,15.6,2.5,4,256,2.2,6405085,0,0,0,0,Low
Lenovo,3,2,0,7,14.0,2.5,4,128,1.8,5673096,1,1,1,1,Low
Lenovo,3,2,0,7,13.3,2.5,16,512,1.3,13329108,1,1,0,0,Low
Lenovo,3,2,0,5,14.0,1.6,2,256,1.5,2036268,0,0,0,0,Low
HP,3,1,0,7,15.6,2.5,6,256,2.19,6793488,0,0,0,0,Low
Asus,3,2,0,5,15.6,1.6,4,256,2.2,3281148,0,0,0,0,Low
Asus,4,2,0,5,13.3,0.9,8,512,1.2,6482268,1,0,1,1,Low
Dell,3,2,0,3,15.6,2.4,6,256,2.3,4081428,0,0,0,0,Low
Acer,3,2,2,5,15.6,1.6,4,256,2.4,2569788,0,0,0,0,Low
Dell,3,2,0,5,15.6,1.6,2,256,2.2,3370068,0,0,0,0,Low
Lenovo,3,3,0,7,15.6,2.6,8,256,2.6,7993908,1,0,1,1,Low
HP,3,1,0,5,15.6,2.9,6,256,2.04,4890511,0,0,1,1,Low
Dell,3,1,2,7,15.6,2.7,8,256,2.3,7166863,0,0,0,0,Low
HP,2,2,0,5,11.6,1.6,2,256,1.17,1858428,0,0,0,0,Low
Asus,3,3,0,7,15.6,2.5,4,256,2.2,6405085,0,0,0,0,Low
Lenovo,3,2,0,7,14.0,2.5,4,128,1.8,5673096,1,1,1,1,Low
Lenovo,3,2,0,7,13.3,2.5,16,512,1.3,13329108,1,1,0,0,Low
Lenovo,3,2,0,5,14.0,1.6,2,256,1.5,2036268,0,0,0,0,Low
HP,3,1,0,7,15.6,2.5,6,256,2.19,6793488,0,0,0,0,Low
Asus,3,2,0,5,15.6,1.6,4,256,2.2,3281148,0,0,0,0,Low
Apple,4,2,0,5,13.3,2.3,8,128,1.37,11912523,1,0,0,0,Low
Apple,4,2,0,5,13.3,1.8,8,256,1.34,7993374,0,0,0,0,Low
HP,3,2,1,5,15.6,2.5,8,256,1.86,5112900,0,0,1,1,Low
Apple,4,1,0,7,15.4,2.7,16,512,1.83,22563005,1,0,0,0,Medium
Apple,4,2,0,5,13.3,3.1,8,256,1.37,16037611,1,0,0,0,Low
Acer,3,1,0,5,15.6,3.0,4,256,2.1,3556800,0,0,0,0,Low
Apple,4,2,0,7,15.4,2.2,16,256,2.04,19028613,1,0,0,0,Low
Apple,4,2,0,5,13.3,1.8,8,256,1.34,10303160,0,0,0,0,Low
Asus,4,3,0,7,14.0,1.8,16,512,1.3,13293540,0,0,1,1,Low
Acer,4,2,0,5,14.0,1.6,8,256,1.6,6846840,1,0,1,1,Low
HP,3,2,1,5,15.6,2.5,4,256,1.86,3502558,0,0,0,0,Low
HP,3,2,1,3,15.6,2.0,4,256,1.86,3067651,0,0,1,1,Low
Apple,4,1,0,7,15.4,2.8,16,256,1.83,21696213,1,0,0,0,Medium
Dell,3,1,0,3,15.6,2.0,4,256,2.2,4436218,0,0,1,1,Low
Apple,4,2,0,5,12.0,1.2,8,256,0.92,11225260,1,0,0,0,Low
Apple,4,2,0,5,13.3,2.3,8,256,1.37,13502946,1,0,0,0,Low
Dell,3,1,0,7,15.6,2.7,8,256,2.2,6624540,0,0,1,1,Low
Apple,4,1,0,7,15.4,2.9,16,512,1.83,25413336,1,0,0,0,Medium
Lenovo,3,3,1,3,15.6,2.4,8,256,2.2,4437108,0,0,1,1,Low
Dell,4,2,0,5,13.3,1.6,8,128,1.22,8705268,1,1,1,1,Low
Asus,2,2,0,5,11.6,1.44,2,256,0.98,1706374,0,0,0,0,Low
Lenovo,1,3,0,5,15.6,2.5,8,128,2.5,8883108,1,0,1,1,Low
HP,3,1,1,5,15.6,1.5,4,256,1.86,2294136,0,0,0,0,Low
Dell,3,2,0,5,13.3,1.6,8,256,1.62,7282548,0,1,1,1,Low
HP,4,2,0,7,15.6,1.8,8,256,1.91,5859828,0,0,1,1,Low
Dell,3,2,0,3,15.6,2.0,4,256,2.3,3722546,0,0,0,0,Low
Apple,4,2,0,5,13.3,1.6,8,256,1.35,9772308,0,0,0,0,Low
Dell,3,1,0,5,15.6,1.6,8,256,2.2,7113600,0,0,1,1,Low
Dell,4,2,0,7,15.6,1.9,8,256,1.88,11541816,0,0,1,1,Low
HP,3,3,0,5,17.3,1.6,8,256,2.5,7967232,0,0,1,1,Low
Chuwi,3,2,0,5,15.6,1.44,4,256,1.89,2178451,0,0,1,1,Low
Asus,3,1,0,5,14.0,1.5,2,256,1.65,1769508,0,0,0,0,Low
HP,3,1,0,5,17.3,2.5,4,256,2.71,3903588,0,0,1,1,Low
Dell,4,2,0,7,13.3,1.8,16,512,1.2,16619148,0,1,0,0,Low
Apple,4,2,0,5,13.3,1.6,8,256,1.35,8874216,0,0,0,0,Low
Lenovo,3,2,0,5,14.0,1.1,4,256,1.44,2214108,0,0,0,0,Low
Acer,3,2,2,3,15.6,2.7,4,256,2.1,3263364,0,0,0,0,Low
Dell,3,1,0,5,17.3,1.6,8,128,2.8,8705268,1,0,1,1,Low
HP,3,2,0,5,15.6,2.5,4,256,1.86,4345431,0,0,0,0,Low
HP,3,3,0,5,15.6,1.6,8,256,2.1,7816068,0,0,1,1,Low
Asus,3,2,2,3,15.6,2.0,4,256,2.0,3458988,0,0,1,1,Low
Dell,1,3,0,7,15.6,2.8,16,256,2.65,13329108,1,0,1,1,Low
Asus,3,3,2,5,15.6,2.5,8,256,2.3,4650427,0,0,0,0,Low
Acer,3,2,0,5,15.6,1.6,4,256,2.2,6064344,1,0,1,1,Low
Dell,3,3,0,5,17.3,1.6,12,256,2.77,8883108,0,1,1,1,Low
Apple,4,2,0,5,13.3,2.0,8,256,1.37,12617748,1,0,0,0,Low
Lenovo,3,2,1,3,15.6,2.0,4,128,2.2,3281148,0,0,0,0,Low
Asus,1,1,0,5,17.3,3.0,8,256,3.2,11550708,0,0,1,1,Low
Dell,3,1,0,5,15.6,2.5,4,256,2.3,5681988,0,0,1,1,Low
Asus,3,3,0,5,17.3,1.1,4,256,2.8,4143672,0,0,0,0,Low
Lenovo,3,2,5,5,10.1,1.44,4,256,0.69,2836548,1,1,0,0,Low
Acer,3,3,0,7,15.6,1.8,8,256,2.2,7478172,1,0,1,1,Low
HP,3,1,0,5,15.6,2.5,4,256,1.86,3543373,0,0,1,1,Low
HP,3,2,0,7,13.3,1.8,8,512,1.49,9807876,0,0,1,1,Low
Acer,3,2,0,3,15.6,2.4,4,256,2.4,3414528,0,0,0,0,Low
Dell,3,1,0,7,15.6,1.8,8,256,2.13,6827277,0,0,1,1,Low
HP,3,2,0,3,15.6,2.0,4,128,1.91,3903588,0,0,1,1,Low
Asus,3,2,0,5,15.6,2.5,4,256,2.0,5212401,0,0,0,0,Low
MSI,1,3,0,7,17.3,2.8,16,256,2.43,21776508,0,0,1,1,Medium
Asus,3,2,2,3,15.6,2.0,4,256,2.0,3690180,0,0,1,1,Low
Dell,3,1,0,7,17.3,1.8,16,256,2.8,11550708,0,0,1,1,Low
Dell,4,2,0,5,14.0,1.6,8,256,1.7,7816068,0,0,1,1,Low
Lenovo,3,2,1,3,14.0,2.7,8,256,1.7,5326308,1,0,1,1,Low
Asus,3,2,0,5,14.0,1.6,8,256,1.4,8367372,0,0,1,1,Low
HP,3,2,0,5,15.6,2.5,8,256,1.86,6135480,0,0,1,1,Low
Asus,4,3,0,7,15.6,2.8,16,512,1.8,17632836,0,0,1,1,Low
HP,3,1,0,3,15.6,2.0,4,256,1.86,3900831,0,0,0,0,Low
HP,3,2,0,5,14.0,1.6,4,32,1.44,2036268,0,0,0,0,Low
Lenovo,3,2,0,5,15.6,2.5,4,256,1.9,4881708,0,0,1,1,Low
Asus,1,3,2,7,17.3,2.8,12,256,3.0,8438508,0,0,1,1,Low
Microsoft,4,2,0,5,13.5,2.5,4,128,1.252,9683388,0,1,0,0,Low
Dell,4,1,0,7,13.3,1.8,8,256,1.4,8491860,1,0,1,1,Low
Dell,3,1,0,7,15.6,1.8,8,256,2.2,7736040,0,0,1,1,Low
MSI,1,3,0,5,17.3,2.5,8,128,2.7,9736740,0,0,1,1,Low
Acer,3,2,0,3,14.0,2.0,8,256,2.1,3458988,0,0,0,0,Low
Asus,1,3,0,7,15.6,2.8,8,256,2.2,8438508,0,0,1,1,Low
Lenovo,3,2,1,5,15.6,2.5,8,256,2.2,4614948,0,0,1,1,Low
Dell,3,2,0,7,15.6,1.8,8,128,2.02,7602660,0,0,1,1,Low
Acer,3,3,0,3,15.6,2.7,4,256,2.2,4712760,0,0,1,1,Low
HP,3,3,0,5,17.3,1.6,8,128,2.5,8687484,0,0,1,1,Low
Dell,4,2,0,5,15.6,1.6,8,256,1.88,9747054,1,0,1,1,Low
Apple,4,2,0,5,12.0,1.3,8,512,0.92,13426920,1,0,0,0,Low
HP,3,2,0,5,14.0,1.6,8,256,1.63,7647120,0,0,1,1,Low
Lenovo,3,1,0,5,15.6,2.5,4,128,2.2,3547908,0,0,1,1,Low
Acer,3,1,0,5,15.6,3.0,4,256,2.1,3512340,0,0,0,0,Low
Dell,1,3,0,7,15.6,2.8,16,128,2.65,11995308,1,0,1,1,Low
HP,4,3,0,7,15.6,1.8,8,256,1.83,6215508,1,0,1,1,Low
HP,3,2,0,5,15.6,2.5,8,256,1.96,5326219,0,0,1,1,Low
Asus,1,3,0,7,15.6,2.8,16,128,2.2,12884508,1,0,1,1,Low
Dell,4,2,0,7,13.3,1.8,8,256,1.21,14662908,1,0,1,1,Low
Asus,1,1,0,5,15.6,3.0,8,256,2.45,6215508,0,0,1,1,Low
Acer,3,3,0,7,15.6,1.8,8,256,2.2,6126588,0,0,1,1,Low
HP,3,2,0,7,13.3,1.8,16,512,1.49,10643724,0,0,1,1,Low
Dell,1,3,0,5,15.6,2.5,8,256,2.65,10625940,0,0,1,1,Low
Asus,4,2,0,7,14.0,2.7,8,256,1.25,9327708,0,0,1,1,Low
Acer,3,2,0,5,13.3,1.6,8,256,1.5,7531524,1,1,1,1,Low
Dell,3,1,2,7,15.6,2.7,8,256,2.2,5334310,0,0,1,1,Low
Dell,3,1,2,3,15.6,2.0,4,256,2.2,4312620,0,0,1,1,Low
Asus,3,3,0,3,15.6,2.4,6,256,2.0,5130684,0,0,1,1,Low
HP,1,3,0,7,15.6,2.8,12,128,2.62,11106108,1,0,1,1,Low
HP,3,1,0,7,15.6,2.7,8,256,1.91,6393348,0,0,1,1,Low
HP,3,1,0,5,15.6,1.5,4,256,2.1,3103308,0,0,1,1,Low
Dell,3,1,2,5,15.6,1.6,8,256,2.2,5753124,0,0,1,1,Low
HP,4,3,0,7,13.3,2.7,8,256,1.38,9950148,1,0,1,1,Low
Microsoft,4,2,0,5,13.5,2.5,8,256,1.252,11915280,0,1,0,0,Low
HP,3,3,0,5,14.0,2.5,6,256,1.58,5859828,1,0,1,1,Low
Lenovo,3,2,0,3,15.6,2.0,4,256,1.85,3689290,0,0,1,1,Low
Asus,4,3,0,7,14.0,2.7,8,256,1.3,10608156,1,0,1,1,Low
MSI,1,3,0,7,15.6,2.8,16,256,2.2,11550708,0,0,1,1,Low
Lenovo,3,2,0,7,14.0,2.7,8,256,1.58,13160160,1,0,1,1,Low
Asus,4,3,0,7,15.6,1.8,16,256,1.5,11221704,0,0,1,1,Low
Dell,4,2,0,7,13.3,2.4,8,256,1.23,12262068,0,1,0,0,Low
Lenovo,3,2,0,5,13.3,2.5,8,256,1.37,12439908,1,1,1,1,Low
HP,3,2,0,5,14.0,1.6,4,256,1.63,6420024,1,0,0,0,Low
Dell,4,2,0,5,13.3,1.6,8,256,1.21,14485068,1,0,1,1,Low
HP,3,2,0,5,13.3,1.6,8,256,1.26,12439819,1,1,1,1,Low
HP,3,2,0,7,14.0,1.8,8,512,1.63,9638928,0,0,1,1,Low
Dell,3,3,0,7,15.6,1.8,8,256,2.16,10050894,1,0,1,1,Low
Asus,3,3,0,3,17.3,2.0,4,256,2.0,5015088,0,0,1,1,Low
Asus,3,3,0,7,15.6,1.8,8,256,1.7,9941256,0,0,1,1,Low
Acer,3,2,0,3,15.6,2.4,6,256,2.1,4259268,1,1,1,1,Low
MSI,1,3,0,7,15.6,2.8,16,256,1.8,19931418,0,0,1,1,Medium
Lenovo,3,3,1,5,15.6,2.5,8,256,2.2,5593068,0,0,1,1,Low
HP,3,3,0,7,17.3,1.8,16,512,2.5,11301732,0,0,1,1,Low
Acer,3,1,0,5,15.6,3.0,4,256,2.1,4010292,0,0,0,0,Low
HP,3,2,1,5,15.6,1.6,4,256,1.86,2303028,0,0,0,0,Low
HP,3,2,0,5,14.0,1.6,8,256,1.63,7220304,0,0,1,1,Low
Asus,3,1,0,5,14.0,1.5,4,64,1.65,2471887,0,0,0,0,Low
Dell,3,1,0,7,17.3,1.8,16,256,2.8,12413232,0,0,1,1,Low
HP,3,2,0,5,17.3,1.6,8,256,2.5,8251776,0,0,1,1,Low
Dell,3,1,0,5,15.6,2.5,8,256,2.36,5681899,0,0,0,0,Low
Dell,3,1,0,3,15.6,2.0,4,256,2.2,3992508,0,0,1,1,Low
Acer,4,2,0,7,14.0,1.8,8,256,1.6,7860528,1,0,1,1,Low
Acer,3,3,0,3,15.6,2.7,4,256,2.2,5086224,0,0,1,1,Low
HP,3,2,0,7,15.6,2.7,8,256,2.05,5317416,0,0,0,0,Low
HP,3,2,0,7,14.0,1.8,8,256,1.63,8785296,0,0,1,1,Low
Lenovo,3,2,1,5,15.6,1.1,4,256,1.9,2243985,0,0,0,0,Low
Asus,1,3,0,5,17.3,2.5,8,128,3.0,8340696,0,0,1,1,Low
Lenovo,3,3,1,5,15.6,2.5,4,256,2.2,4437108,0,0,1,1,Low
HP,3,2,0,5,13.3,2.5,4,256,1.32,6215508,1,0,1,1,Low
Acer,3,3,0,3,17.3,2.7,4,256,3.0,5824260,1,0,1,1,Low
Lenovo,3,1,0,5,14.0,1.6,8,256,1.75,9923649,1,0,1,1,Low
Lenovo,1,3,1,7,15.6,2.8,8,256,2.4,7727148,1,0,1,1,Low
Toshiba,3,2,0,5,15.6,2.3,4,256,2.1,5352984,0,0,0,0,Low
HP,3,1,0,5,15.6,2.5,4,256,1.86,3281148,0,0,0,0,Low
Asus,4,2,0,7,14.0,1.8,8,256,1.25,9772308,0,0,1,1,Low
HP,4,2,0,5,12.5,1.2,8,512,0.97,17908488,1,1,0,0,Low
Asus,3,2,0,5,15.6,1.1,4,256,2.0,3058848,0,0,1,1,Low
MSI,1,3,0,7,17.3,2.8,16,256,2.9,18041868,0,0,1,1,Low
Acer,3,2,0,3,15.6,2.0,4,256,2.1,3974724,0,0,0,0,Low
Dell,1,3,0,7,15.6,2.8,16,512,2.56,11108419,0,0,1,1,Low
Dell,1,3,0,7,15.6,2.8,8,256,2.62,7993908,0,0,1,1,Low
Lenovo,3,2,0,5,15.6,2.5,4,128,1.9,4428216,0,0,0,0,Low
MSI,1,3,0,7,17.3,2.8,16,256,2.8,16805880,0,0,1,1,Low
HP,4,2,0,5,14.0,2.7,4,256,1.48,9621144,0,0,1,1,Low
HP,3,1,0,5,15.6,1.6,6,256,1.91,5504148,0,0,1,1,Low
Lenovo,3,2,0,3,14.0,2.4,4,256,1.74,5593068,1,1,1,1,Low
Asus,3,2,0,5,13.3,1.6,8,256,1.1,11692980,0,1,1,1,Low
Dell,3,2,0,7,15.6,1.8,8,256,1.56,9327708,0,1,1,1,Low
Toshiba,3,2,0,3,15.6,2.2,4,256,2.1,3974724,0,0,0,0,Low
Asus,3,1,0,5,15.6,3.0,4,256,2.03,3583476,0,0,0,0,Low
Acer,3,3,0,5,17.3,1.6,4,256,3.0,7158060,1,0,1,1,Low
Dell,3,1,0,5,15.6,1.6,8,256,2.13,6473376,0,0,1,1,Low
Lenovo,1,3,0,7,15.6,2.8,16,256,2.5,9594468,1,0,1,1,Low
Acer,3,2,0,5,15.6,1.1,4,256,2.1,3094416,0,0,0,0,Low
MSI,1,3,0,7,15.6,2.8,16,256,2.4,15996708,1,0,1,1,Low
Acer,3,2,0,5,15.6,1.1,4,256,2.1,3232330,0,0,0,0,Low
Dell,1,3,0,7,15.6,2.8,8,128,2.56,9429877,0,0,1,1,Low
Acer,3,3,0,5,17.3,1.6,8,256,3.0,7593768,1,0,1,1,Low
HP,3,2,0,5,13.3,1.6,4,256,1.49,6704568,1,0,1,1,Low
Huawei,4,2,0,5,13.0,2.5,8,256,1.05,11995308,1,0,1,0,Low
HP,3,1,0,5,17.3,2.5,6,256,2.71,6215508,1,0,1,1,Low
Lenovo,3,1,1,5,15.6,2.9,4,256,2.2,2747628,0,0,0,0,Low
Toshiba,3,2,0,3,15.6,2.4,4,256,2.0,4348188,0,0,0,0,Low
HP,3,3,0,5,17.3,1.6,8,256,2.5,8207316,0,0,1,1,Low
Dell,3,2,0,3,15.6,2.4,8,256,2.3,4081428,0,0,0,0,Low
Acer,3,2,0,3,15.6,2.0,4,128,2.1,3992508,0,0,0,0,Low
MSI,1,3,0,7,18.4,2.9,32,512,4.4,24888708,0,0,1,1,Medium
Lenovo,3,1,0,5,15.6,2.5,8,128,1.9,7229196,0,0,1,1,Low
HP,3,2,0,5,13.3,1.6,8,256,1.29,13329108,1,1,0,0,Low
Dell,3,1,2,7,15.6,1.8,16,256,2.02,9327708,0,0,1,1,Low
Dell,4,2,0,5,13.3,1.6,8,256,1.23,12439908,0,0,1,1,Low
Lenovo,3,2,0,7,13.9,1.8,16,512,1.4,16441308,1,1,0,0,Low
Toshiba,3,2,0,5,15.6,2.5,8,128,2.0,7051356,0,0,0,0,Low
Xiaomi,3,3,1,5,15.6,1.6,8,256,1.95,10661508,1,0,1,1,Low
Dell,3,3,0,7,17.3,1.8,16,512,2.77,13773708,0,1,1,1,Low
Dell,3,3,0,7,15.6,2.8,16,512,2.06,21314124,0,1,0,0,Medium
Lenovo,1,3,1,5,15.6,2.5,8,256,2.4,6926868,1,0,1,1,Low
Acer,4,2,0,5,13.3,1.2,8,256,1.12,8794188,1,0,1,1,Low
Dell,3,1,0,7,17.3,1.8,8,128,2.8,9647820,0,0,1,1,Low
Lenovo,3,2,0,7,14.0,2.7,16,256,1.42,25111008,0,1,0,0,Medium
Vero,3,2,0,5,14.0,1.1,4,256,1.3,2311920,1,0,1,1,Low
Xiaomi,4,3,1,5,13.3,2.5,8,256,1.3,8891110,1,0,1,1,Low
Lenovo,3,3,1,5,17.3,1.6,8,256,2.8,6206616,0,0,0,0,Low
Dell,3,2,0,7,13.3,1.8,8,256,1.62,7460388,1,1,1,1,Low
HP,3,3,0,5,17.3,1.6,8,256,2.5,8127288,1,0,1,1,Low
Razer,1,3,0,7,17.3,2.9,32,256,3.49,54232308,0,1,0,0,High
HP,3,2,0,5,13.3,1.6,8,512,1.49,8527428,0,0,1,1,Low
HP,1,3,0,7,17.3,2.8,16,256,3.35,12262068,1,0,1,1,Low
HP,3,3,0,7,17.3,1.8,8,256,2.5,9292140,0,0,1,1,Low
Dell,1,3,0,7,15.6,2.8,16,512,2.65,16405740,1,0,0,0,Low
Lenovo,3,2,0,5,15.6,2.3,4,128,2.1,4383756,0,0,0,0,Low
Acer,3,3,0,7,15.6,2.7,8,256,2.23,6597864,0,0,1,1,Low
Lenovo,1,3,0,7,15.6,2.8,16,512,3.2,15552108,1,0,1,1,Low
Dell,5,3,0,5,15.6,3.0,16,256,2.8,27165060,0,0,0,0,Medium
Lenovo,1,3,1,7,15.6,2.8,16,512,2.4,12431016,0,0,1,1,Low
Dell,3,2,0,3,15.6,2.4,6,256,2.3,3903588,0,1,0,0,Low
Dell,4,2,0,7,13.3,1.8,8,256,1.21,17330508,1,1,0,0,Low
Dell,4,2,0,7,13.3,1.8,8,256,1.2,12884508,0,0,1,1,Low
Lenovo,3,2,0,5,15.6,2.5,8,256,2.2,5308524,0,0,0,0,Low
Acer,3,3,2,7,15.6,2.8,8,256,2.4,6926868,0,0,1,1,Low
Asus,1,3,0,7,17.3,2.8,16,256,2.9,12511044,0,0,1,1,Low
HP,3,2,1,3,15.6,2.0,4,256,2.1,3103308,0,0,1,1,Low
Lenovo,3,2,1,5,15.6,2.5,8,256,2.2,4881708,0,0,1,1,Low
Huawei,4,2,0,7,13.0,2.7,8,512,1.05,13329108,1,0,1,0,Low
Dell,4,1,0,7,13.3,1.8,8,256,1.4,8286276,1,0,1,1,Low
Lenovo,3,3,1,5,17.3,2.5,8,256,2.8,5237388,0,0,0,0,Low
HP,3,3,0,7,14.0,1.8,8,256,1.63,9167652,0,0,1,1,Low
Dell,4,2,0,5,14.0,1.6,8,256,1.6,10216908,0,0,1,1,Low
Dell,3,2,0,7,13.3,1.8,16,512,1.62,11372868,0,1,1,1,Low
Dell,3,1,2,5,15.6,1.6,8,256,2.2,6022996,0,0,1,1,Low
Lenovo,3,2,0,5,14.0,1.6,8,256,1.74,7993908,1,0,1,1,Low
Toshiba,4,2,0,7,13.3,2.5,8,256,1.2,12119796,0,0,1,1,Low
HP,3,2,0,5,15.6,1.6,8,256,2.1,7060248,0,0,1,1,Low
Dell,1,3,0,7,17.3,2.8,16,256,4.42,21841775,1,0,1,1,Medium
Acer,3,3,0,7,15.6,2.7,8,256,2.2,7398144,0,0,1,1,Low
Dell,3,1,0,7,15.6,2.7,16,256,2.3,7638316,0,1,1,1,Low
Asus,3,3,0,5,15.6,2.5,8,256,2.0,6837948,0,0,1,1,Low
Asus,3,3,0,5,17.3,2.5,8,256,2.69,7922772,0,0,1,1,Low
HP,3,1,0,7,15.6,2.7,8,256,1.9,11283948,0,0,1,1,Low
Asus,3,2,0,3,15.6,2.4,4,256,2.37,3547819,0,0,0,0,Low
HP,3,1,0,5,15.6,1.5,4,256,2.1,2934360,0,0,0,0,Low
Lenovo,1,3,0,7,15.6,2.8,16,256,3.2,13329108,1,0,1,1,Low
Dell,3,2,0,5,14.0,2.5,8,256,1.6,7638228,0,0,1,1,Low
Acer,3,2,0,5,13.3,2.3,8,256,1.6,6126588,1,1,1,1,Low
Dell,3,1,2,7,15.6,2.7,16,256,2.36,7993908,0,0,1,1,Low
Acer,3,2,2,3,15.6,2.0,4,256,2.1,3467880,0,0,0,0,Low
Asus,3,1,0,5,15.6,2.5,4,128,2.2,5112900,0,0,1,1,Low
Asus,1,3,0,7,17.3,2.9,32,512,4.7,34589880,0,0,1,1,Medium
Acer,1,3,0,5,15.6,2.5,8,256,2.5,7522632,1,0,1,1,Low
Lenovo,3,2,0,3,15.6,2.0,8,128,2.2,5237388,0,0,0,0,Low
Asus,3,3,0,7,17.3,1.8,8,128,2.1,10181340,0,0,1,1,Low
Asus,3,3,1,7,17.3,2.7,8,128,2.69,7904988,0,0,1,1,Low
Dell,1,3,0,5,15.6,2.5,8,256,2.56,7816068,0,0,1,1,Low
Lenovo,3,2,0,7,13.9,2.7,8,256,1.38,9594468,1,1,1,1,Low
Dell,3,1,0,7,15.6,1.8,8,128,2.2,8758620,0,0,1,1,Low
HP,3,2,0,5,15.6,2.5,8,256,2.04,4970628,0,1,0,0,Low
Asus,1,3,0,7,17.3,2.9,16,256,3.6,26667108,0,0,1,1,Medium
HP,3,2,0,5,13.3,1.6,4,256,1.49,6002100,1,0,1,1,Low
Apple,4,2,0,5,13.3,3.1,8,512,1.37,18139680,1,0,0,0,Low
Dell,3,2,0,7,15.6,1.8,8,256,2.08,7282548,1,1,1,1,Low
Asus,1,3,0,7,17.3,2.8,16,256,4.3,15996708,0,0,1,1,Low
Asus,3,1,0,5,15.6,3.0,4,256,1.68,4170348,0,0,0,0,Low
Lenovo,3,2,0,7,13.9,1.8,8,512,1.37,16441308,1,1,1,1,Low
Acer,3,3,0,3,17.3,2.7,4,256,3.0,6242184,1,0,1,1,Low
Dell,4,2,0,5,13.3,1.6,8,256,1.41,8438508,0,0,1,1,Low
HP,3,1,0,5,15.6,2.5,8,128,1.91,3964942,0,0,0,0,Low
HP,3,3,0,7,17.3,1.8,16,256,2.9,9416628,1,0,1,1,Low
MSI,1,3,0,7,17.3,2.8,16,512,4.14,22221108,0,0,1,1,Medium
Lenovo,3,3,0,7,15.6,2.8,8,512,2.0,15107508,1,1,1,1,Low
Dell,3,1,0,7,17.3,1.8,8,128,2.8,10154664,0,0,1,1,Low
Lenovo,3,2,1,3,15.6,2.0,4,256,2.2,3948048,0,0,1,1,Low
HP,3,2,0,5,15.6,1.6,4,256,2.1,6420024,1,0,1,1,Low
Dell,3,2,0,5,15.6,2.5,4,256,2.18,5842044,0,0,1,1,Low
Dell,3,1,0,5,15.6,2.5,8,256,2.24,5023980,0,0,1,1,Low
Dell,3,2,0,5,15.6,1.6,8,256,2.67,7104708,0,1,1,1,Low
Asus,3,2,0,7,13.3,1.8,8,512,1.1,13329108,0,1,1,1,Low
Lenovo,3,2,1,5,15.6,2.5,4,256,2.2,4152564,0,0,1,1,Low
HP,3,3,0,7,17.3,1.8,8,256,2.5,9052056,0,0,1,1,Low
Lenovo,3,2,0,7,15.6,1.8,8,256,2.05,7824960,0,0,1,1,Low
Apple,4,2,0,5,13.3,2.9,8,512,1.37,17418538,1,0,0,0,Low
Asus,1,1,0,5,17.3,3.0,16,256,3.2,13773708,0,0,1,1,Low
Dell,3,1,2,7,15.6,1.8,8,256,2.14,6536242,0,0,1,1,Low
Lenovo,3,2,0,7,14.0,2.6,16,512,1.36,22221108,0,1,0,0,Medium
Toshiba,3,3,0,7,15.6,2.5,8,256,2.2,7220304,0,0,0,0,Low
Dell,3,2,0,7,15.6,2.7,12,256,2.3,6340618,0,0,0,0,Low
Dell,3,1,2,7,17.3,1.8,8,128,2.8,9772308,0,0,1,1,Low
Acer,3,3,0,7,15.6,1.8,8,256,2.2,6624540,1,0,1,1,Low
Lenovo,3,2,0,3,17.3,2.0,4,256,2.8,4348188,0,0,0,0,Low
Lenovo,3,3,1,7,17.3,1.8,8,256,2.8,7549308,0,0,1,1,Low
Lenovo,3,3,0,7,17.3,2.7,6,128,2.8,7638228,0,0,0,0,Low
Dell,3,1,2,3,15.6,2.0,4,256,2.25,3805776,0,0,1,1,Low
Lenovo,1,3,0,5,15.6,2.5,8,256,2.5,7371468,1,0,1,1,Low
Lenovo,3,2,0,5,15.6,2.5,6,256,2.2,5148468,0,0,1,1,Low
Acer,3,3,0,7,15.6,1.8,8,256,3.0,8456292,1,0,1,1,Low
Acer,3,2,0,7,15.6,2.7,12,256,2.15,5859828,1,1,1,1,Low
Lenovo,3,2,0,7,15.6,2.7,8,256,1.95,9754524,1,0,1,1,Low
Asus,4,3,0,5,15.6,2.5,8,256,1.7,8687484,0,0,1,1,Low
Lenovo,1,3,0,7,15.6,2.8,16,256,2.5,10483668,1,0,1,1,Low
Lenovo,3,3,1,7,15.6,2.7,8,256,2.2,5859916,0,0,1,1,Low
Acer,3,2,3,5,15.6,1.5,2,16,2.19,1769508,0,0,0,0,Low
Asus,1,3,0,7,17.3,2.8,8,256,3.0,10554804,0,0,1,1,Low
HP,3,2,0,3,17.3,2.0,8,256,2.54,4348188,0,0,0,0,Low
Dell,3,3,0,7,15.6,2.8,8,256,2.0,16263468,0,0,1,1,Low
Lenovo,3,2,0,5,15.6,1.6,8,256,2.05,6571188,0,0,1,1,Low
Lenovo,1,3,0,7,15.6,2.8,8,256,3.2,11550708,1,0,1,1,Low
Acer,3,3,2,7,15.6,2.8,8,256,2.5,8705268,0,0,1,1,Low
Dell,5,3,0,7,17.3,2.9,16,256,3.42,25652175,0,0,1,1,Medium
Lenovo,3,1,0,5,15.6,2.4,6,256,2.4,4437108,0,0,1,1,Low
Asus,4,3,0,7,15.6,2.7,16,512,1.63,13053456,0,0,1,1,Low
Asus,3,2,0,3,14.0,2.4,4,128,1.3,4526028,0,0,0,0,Low
Asus,1,3,0,7,17.3,2.8,16,256,2.9,18868824,0,0,1,1,Low
Lenovo,3,3,0,5,17.3,2.5,6,256,2.8,5770908,0,0,0,0,Low
Lenovo,3,3,1,5,15.6,2.5,8,256,2.2,4881708,0,0,0,0,Low
Asus,1,3,0,7,15.6,2.8,8,128,2.5,11248380,0,0,1,1,Low
Lenovo,3,2,1,5,15.6,1.1,4,256,2.2,3201031,0,0,0,0,Low
HP,3,2,0,7,13.3,2.8,16,256,1.28,17561700,0,1,1,1,Low
Toshiba,3,3,0,7,15.6,2.5,8,256,2.2,9274356,1,0,1,1,Low
Lenovo,3,3,0,5,15.6,2.5,8,128,2.3,7282548,0,0,1,1,Low
HP,3,2,0,3,15.6,2.0,4,256,1.86,4170348,0,0,1,1,Low
Lenovo,3,2,0,5,13.3,2.5,8,256,1.1,8883108,1,0,1,1,Low
Dell,4,2,0,7,13.3,1.8,16,256,1.21,22221108,1,1,0,0,Medium
MSI,1,3,0,7,15.6,2.8,16,256,2.8,18664308,1,0,1,1,Low
Acer,3,1,0,5,15.6,2.2,8,256,2.23,4170348,0,0,1,1,Low
Asus,3,2,0,5,11.6,1.1,2,256,1.1,2445300,0,1,0,0,Low
Dell,3,1,0,5,15.6,1.6,8,128,2.33,7504848,0,0,1,1,Low
HP,3,2,0,7,13.3,1.8,16,256,1.29,21776508,1,1,0,0,Medium
Lenovo,3,2,3,5,13.3,1.6,4,256,1.45,4089430,0,0,0,0,Low
HP,3,2,0,5,14.0,2.5,8,256,1.95,8714160,0,0,1,1,Low
Acer,3,2,0,5,11.6,1.6,4,256,1.4,4312620,0,0,0,0,Low
HP,3,2,0,7,14.0,2.7,8,256,1.48,11488464,0,0,1,1,Low
Lenovo,3,3,0,5,17.3,2.5,4,256,2.79,5237388,0,0,0,0,Low
Asus,3,2,0,7,14.0,2.7,8,256,2.0,9727848,0,0,1,1,Low
HP,3,2,0,7,15.6,1.8,8,256,2.1,8020584,1,0,1,0,Low
Acer,3,1,0,5,15.6,2.7,8,256,2.2,5859828,0,0,0,0,Low
Lenovo,3,2,0,5,14.0,1.1,4,256,1.44,2596464,0,0,0,0,Low
Acer,3,2,0,5,15.6,2.5,6,256,2.23,4881708,0,0,0,0,Low
Asus,4,3,0,7,15.6,2.7,8,256,1.7,9335710,0,0,1,1,Low
HP,4,2,0,7,12.5,2.7,8,256,1.26,11870820,0,0,1,1,Low
Dell,3,3,0,7,15.6,2.8,32,256,2.06,23465988,0,1,0,0,Medium
MSI,1,3,0,7,17.3,2.8,8,256,2.7,10661508,0,0,1,1,Low
Toshiba,3,2,0,5,15.6,2.5,8,256,2.0,8385156,1,0,1,1,Low
Asus,3,2,0,7,14.0,2.7,8,256,2.0,11861928,0,0,1,1,Low
Lenovo,3,2,0,3,15.6,2.0,4,256,1.85,3992508,0,0,1,1,Low
Asus,1,3,0,7,15.6,2.8,8,256,2.5,8883108,0,0,1,1,Low
HP,3,2,0,5,14.0,2.6,8,256,1.48,11275056,0,0,1,1,Low
Dell,4,3,0,5,15.6,1.6,8,128,1.9,9327708,1,0,1,1,Low
HP,3,2,0,5,15.6,2.5,8,256,1.84,10172448,0,0,1,1,Low
Asus,3,2,2,5,15.6,1.1,4,256,2.0,2445211,0,0,0,0,Low
Dell,3,3,0,5,15.6,1.6,8,256,2.0,10161333,0,0,1,1,Low
Dell,3,2,2,5,15.6,1.6,4,256,2.2,2444410,0,0,0,0,Low
Lenovo,3,1,0,5,15.6,3.6,12,256,2.2,7993908,0,0,1,1,Low
HP,3,3,0,3,15.6,2.4,8,256,2.1,6366672,1,0,1,1,Low
Lenovo,3,2,0,7,13.9,1.8,16,512,1.4,18664308,1,1,0,0,Low
Dell,4,2,0,7,13.3,1.8,8,256,1.2,14040468,0,0,1,1,Low
Lenovo,1,3,0,7,15.6,2.8,16,256,2.4,10039068,1,0,1,1,Low
HP,3,2,0,5,14.0,1.6,2,256,1.44,2480868,0,0,0,0,Low
Dell,4,2,0,7,15.6,1.9,16,512,1.88,14297980,0,0,1,1,Low
Asus,3,2,0,5,11.6,1.1,4,256,1.5,3334500,0,1,0,0,Low
Dell,4,1,0,5,15.6,1.6,8,256,1.9,5895396,0,0,1,1,Low
Dell,3,3,0,7,15.6,2.8,16,512,2.06,18027818,0,1,0,0,Low
HP,3,2,0,7,15.6,2.7,8,256,1.84,11595168,0,0,1,1,Low
MSI,1,3,0,7,17.3,2.8,8,128,2.7,12528828,0,0,1,1,Low
HP,5,3,0,7,15.6,2.8,8,256,2.6,15456696,0,0,1,1,Low
Toshiba,3,3,0,7,15.6,2.5,16,512,2.4,12475476,1,0,1,1,Low
Dell,3,1,0,7,15.6,1.8,8,128,2.02,8633242,0,0,1,1,Low
Lenovo,3,2,1,5,15.6,1.1,4,256,2.2,2863135,0,0,0,0,Low
Dell,1,3,0,5,15.6,2.5,8,256,2.65,8883108,0,0,1,1,Low
Dell,3,2,0,5,15.6,2.5,8,256,2.36,4956134,0,1,0,0,Low
Dell,3,2,0,5,14.0,2.6,8,256,1.36,12688884,0,0,1,1,Low
HP,3,2,0,3,15.6,2.0,4,256,1.86,3903588,0,0,0,0,Low
Asus,3,2,0,5,14.0,2.5,8,256,2.0,8402940,0,0,1,1,Low
Lenovo,3,3,0,5,17.3,2.5,6,128,2.8,6393348,0,0,0,0,Low
HP,3,2,0,5,15.6,2.5,8,256,1.86,5681988,0,0,1,1,Low
Lenovo,3,3,1,3,15.6,2.0,8,256,2.2,4437108,0,0,0,0,Low
HP,3,2,0,5,15.6,1.6,8,256,2.04,3458988,0,0,0,0,Low
Dell,3,1,0,5,17.3,1.6,8,128,2.8,9647820,0,0,1,1,Low
Lenovo,1,3,1,5,15.6,2.5,8,128,2.4,7193628,1,0,1,1,Low
Dell,3,1,0,7,15.6,2.7,8,256,2.33,7993908,0,0,1,1,Low
HP,4,2,0,7,14.0,2.7,8,256,1.36,15561000,1,0,1,1,Low
Asus,3,3,0,7,15.6,2.7,12,512,2.26,9772308,0,1,1,1,Low
Acer,3,1,0,5,15.6,3.0,4,128,2.1,3787992,0,0,0,0,Low
Asus,1,1,0,5,17.3,3.0,16,256,3.25,19553508,1,0,1,1,Medium
Lenovo,3,1,0,5,17.3,2.2,4,128,2.6,4348188,0,0,0,0,Low
Dell,3,2,0,7,13.3,1.8,8,256,1.62,7727236,0,1,1,1,Low
HP,3,1,0,5,15.6,3.0,4,256,1.91,4348099,0,0,1,1,Low
Lenovo,2,2,0,5,11.6,1.1,4,128,1.59,4917276,1,0,0,0,Low
Dell,3,2,0,5,15.6,1.6,4,256,1.8,2747628,0,0,0,0,Low
Asus,3,2,0,5,14.0,1.1,4,256,1.5,2543112,0,0,0,0,Low
Acer,3,3,2,7,15.6,2.8,8,256,2.4,7522632,0,0,1,1,Low
HP,1,3,0,7,17.3,2.8,8,128,3.35,10590372,1,0,1,1,Low
Lenovo,3,2,1,3,15.6,2.0,4,128,1.85,3587922,0,0,1,1,Low
Asus,1,3,0,7,15.6,2.8,8,128,2.3,14716260,1,0,1,1,Low
Lenovo,3,3,0,5,14.0,2.5,8,256,1.5,9772308,1,0,1,1,Low
Asus,4,2,0,7,13.3,2.7,16,512,1.1,15551218,0,1,1,1,Low
Lenovo,4,2,0,7,14.0,2.7,8,512,1.13,20291544,1,0,0,0,Medium
Lenovo,3,2,0,3,13.3,2.4,4,128,1.5,4881708,1,0,1,1,Low
Dell,5,1,0,5,15.6,2.6,8,256,2.23,12173148,0,0,1,1,Low
Dell,5,3,0,7,15.6,2.7,8,256,2.0,18984420,1,0,1,1,Low
Lenovo,3,2,0,7,14.0,2.7,16,512,1.42,22310028,0,1,0,0,Medium
Asus,1,3,0,7,17.3,2.8,8,256,3.0,9238788,0,0,1,1,Low
Asus,1,3,0,7,17.3,2.8,16,256,3.0,14147172,0,0,1,1,Low
Acer,3,3,0,5,15.6,1.6,12,256,2.2,6170959,1,0,0,0,Low
MSI,1,3,0,7,17.3,2.8,8,256,2.7,11995308,0,0,1,1,Low
Dell,3,1,2,7,15.6,2.7,8,256,2.33,6925712,0,0,1,1,Low
HP,4,1,0,5,15.6,3.0,4,256,1.91,4437108,0,0,1,1,Low
Lenovo,3,1,0,7,15.6,1.8,8,256,2.1,10933247,1,0,1,1,Low
Lenovo,3,2,0,5,14.0,2.5,8,256,1.9,8340696,1,0,1,1,Low
Dell,5,3,0,7,15.6,2.8,8,256,1.78,24115104,0,1,0,0,Medium
Lenovo,4,2,0,7,14.0,2.7,16,256,1.13,23341500,1,0,0,0,Medium
Lenovo,3,2,0,5,15.6,1.1,4,256,2.2,2720952,0,0,0,0,Low
Asus,1,3,0,7,17.3,2.8,16,256,2.9,13595868,0,0,1,1,Low
Lenovo,3,1,0,5,15.6,1.6,8,256,2.1,10176894,1,0,1,1,Low
Acer,3,3,2,7,15.6,2.8,8,256,2.5,7816068,0,0,1,1,Low
MSI,1,3,0,7,17.3,2.8,16,256,2.8,19998108,0,0,1,1,Medium
Asus,4,2,0,7,14.0,2.7,8,512,1.1,16654716,0,0,1,1,Low
Toshiba,4,2,0,7,13.3,2.5,16,512,1.2,15534324,0,0,1,1,Low
Dell,4,2,0,7,14.0,2.8,8,512,1.36,14938560,0,0,1,1,Low
Lenovo,3,2,0,3,15.6,2.0,4,256,2.2,3636828,0,0,1,1,Low
Lenovo,3,2,0,5,11.6,1.1,2,256,1.15,2707169,0,0,0,0,Low
Lenovo,5,3,0,7,15.6,2.8,8,512,2.67,17117100,0,0,1,1,Low
Lenovo,4,3,0,7,14.0,2.8,8,512,1.7,17277156,1,0,1,0,Low
HP,3,1,0,3,15.6,2.0,4,256,2.1,4170348,0,0,1,1,Low
Acer,3,2,0,7,13.3,2.5,8,256,1.6,7015876,1,1,1,1,Low
Asus,3,2,0,5,13.3,2.5,8,256,1.27,8251776,1,1,1,1,Low
Dell,3,1,2,5,15.6,2.5,4,256,2.3,5325418,0,0,1,1,Low
Dell,3,2,0,3,13.3,2.0,4,128,1.65,6126588,0,0,0,0,Low
HP,4,2,0,7,14.0,2.5,8,256,1.43,13338000,0,0,1,1,Low
Dell,3,2,0,5,15.6,2.5,8,256,2.14,4801235,0,0,0,0,Low
Lenovo,4,1,0,7,14.0,1.8,8,256,1.75,10807158,1,0,1,1,Low
Lenovo,3,3,0,7,15.6,2.8,16,512,2.0,16885908,1,1,0,0,Low
Chuwi,3,2,0,5,12.3,1.1,6,256,1.4,3992508,1,0,0,0,Low
HP,3,2,0,7,15.6,2.9,8,256,2.31,12688884,0,0,1,1,Low
Asus,3,3,2,3,15.6,2.4,8,256,2.3,5308524,0,0,1,1,Low
Dell,1,3,0,7,17.3,2.9,16,256,4.42,24888708,1,0,0,0,Medium
Dell,1,3,0,7,15.6,2.8,8,128,2.62,10305828,1,0,1,1,Low
Dell,3,1,0,7,15.6,1.8,8,256,2.02,10158220,0,0,1,1,Low
Dell,4,2,2,7,14.0,2.8,8,256,1.6,9772308,0,0,1,1,Low
HP,1,3,0,7,17.3,2.8,12,256,3.35,17775108,0,0,1,1,Low
Mediacom,3,2,0,5,11.6,1.1,4,32,1.16,2658708,1,1,1,1,Low
Samsung,2,2,3,5,11.6,1.6,4,256,1.15,2391948,0,0,0,0,Low
Lenovo,3,2,0,7,13.3,2.7,8,256,1.4,8980920,1,0,1,1,Low
Lenovo,3,2,0,3,14.0,2.7,4,128,1.7,5326308,1,0,1,1,Low
Lenovo,5,3,0,7,15.6,2.8,16,512,2.3,21740940,1,0,0,0,Medium
Lenovo,3,3,0,7,15.6,2.9,16,512,2.5,21776508,0,0,1,1,Medium
Asus,1,1,0,5,17.3,3.2,8,256,3.2,15071940,0,0,1,1,Low
HP,3,2,0,5,15.6,1.6,4,256,2.1,3085524,0,0,0,0,Low
Google,4,2,3,7,12.3,1.3,16,512,1.1,19553508,0,1,0,0,Medium
Lenovo,4,2,0,7,14.0,2.7,24,512,1.32,21180744,0,0,0,0,Medium
Asus,3,2,2,5,15.6,2.5,4,256,2.0,4970628,0,0,1,1,Low
Lenovo,3,1,0,5,17.3,2.5,8,256,2.8,4614948,0,0,0,0,Low
Dell,3,1,0,5,15.6,1.6,4,256,2.2,6660108,0,0,1,1,Low
Lenovo,4,2,0,5,12.5,2.5,8,256,1.36,12706668,1,0,1,1,Low
Lenovo,3,2,0,5,15.6,1.1,4,128,2.2,3103308,0,0,1,1,Low
HP,1,3,0,7,15.6,2.8,8,128,2.2,9772308,1,0,1,1,Low
Dell,3,3,0,5,14.0,2.8,8,256,1.64,10483668,0,0,1,1,Low
Acer,3,2,2,5,15.6,2.5,4,256,2.4,3928485,0,0,0,0,Low
Dell,5,3,0,5,15.6,3.0,8,256,2.23,17721756,0,0,1,1,Low
MSI,1,3,0,5,15.6,2.5,8,256,2.2,9138664,0,0,1,1,Low
Microsoft,4,2,0,7,13.5,2.5,16,512,1.25,23021388,0,1,0,0,Medium
HP,3,2,0,5,15.6,2.5,8,128,1.91,5237388,0,0,0,0,Low
Dell,5,3,0,7,15.6,2.7,16,256,2.17,17561700,1,0,1,1,Low
HP,5,2,0,7,15.6,2.9,8,512,2.31,13640328,1,0,1,1,Low
Lenovo,3,2,0,5,14.0,2.5,8,256,1.65,11959740,0,0,1,1,Low
Dell,3,1,0,7,15.6,1.8,8,128,2.36,8705268,0,0,1,1,Low
Dell,3,2,0,5,11.6,1.6,4,256,1.47,4259268,0,1,0,0,Low
Dell,3,3,0,7,17.3,2.7,8,256,4.42,18193032,1,0,1,1,Low
Microsoft,4,2,0,5,13.5,2.2,4,128,1.252,8794188,0,1,0,0,Low
Microsoft,4,2,0,7,13.5,2.5,8,256,1.25,15996708,0,1,0,0,Low
HP,3,2,0,3,17.3,2.0,8,256,2.5,5689990,0,0,0,0,Low
Acer,3,3,0,3,15.6,2.0,4,256,2.23,4837248,0,0,1,1,Low
Acer,2,2,0,5,11.6,1.6,4,128,1.4,3868020,0,0,0,0,Low
Asus,3,2,0,5,15.6,2.5,8,256,2.37,6660108,0,0,1,1,Low
Lenovo,3,1,1,7,14.0,2.7,8,512,1.5,7104708,1,0,1,1,Low
Lenovo,3,3,0,7,15.6,2.9,8,256,2.67,18584280,0,0,1,1,Low
Asus,3,2,0,5,15.6,1.1,4,256,2.0,2703168,0,0,0,0,Low
Acer,3,3,0,3,15.6,2.0,4,256,2.2,4170348,0,0,0,0,Low
Dell,3,1,0,5,15.6,1.6,8,256,2.02,6749028,0,0,1,1,Low
HP,1,3,0,7,17.3,2.8,12,256,3.78,15107508,1,0,1,1,Low
Lenovo,4,2,0,7,14.0,2.6,12,256,1.4,16521336,1,0,0,0,Low
HP,3,2,0,7,13.3,1.8,8,512,1.29,17775108,1,1,0,0,Low
HP,3,1,0,5,15.6,2.5,8,256,1.9,10261368,0,0,1,1,Low
Google,4,2,3,5,12.3,1.2,8,128,1.1,11337300,0,1,0,0,Low
Dell,4,2,0,5,13.3,1.6,8,256,1.42,16377730,0,1,1,1,Low
Asus,3,2,0,7,15.6,2.6,12,128,2.06,11550708,1,0,0,0,Low
Dell,3,2,0,3,14.0,2.3,8,128,1.79,6580080,0,0,0,0,Low
Dell,5,3,0,7,15.6,2.8,8,256,1.78,21411936,0,0,1,1,Medium
Lenovo,3,2,0,5,14.0,2.5,8,1,1.7,12128688,0,0,1,1,Low
Dell,3,1,0,5,15.6,1.6,8,256,2.2,6002100,0,0,1,1,Low
Toshiba,3,2,0,5,13.3,2.5,8,256,1.05,14867424,1,0,1,1,Low
Dell,3,3,0,7,15.6,1.8,8,512,2.16,11221704,1,0,1,1,Low
Dell,3,2,0,3,15.6,2.4,4,256,2.18,5216047,0,0,0,0,Low
HP,3,2,0,5,13.3,1.6,4,128,1.49,6455592,1,0,1,1,Low
Chuwi,3,2,0,5,15.6,1.44,4,256,1.89,2213218,0,0,1,1,Low
Lenovo,3,2,0,3,15.6,2.0,4,128,2.3,5023980,0,0,0,0,Low
Lenovo,3,2,0,5,14.0,1.6,8,256,1.75,9327708,1,0,1,1,Low
Dell,5,3,0,7,15.6,2.7,16,512,2.17,20789496,1,0,1,1,Medium
Dell,3,3,0,7,15.6,2.8,16,512,2.06,16885908,0,0,1,1,Low
Lenovo,4,2,0,7,12.5,2.7,16,512,1.36,15987816,1,0,1,1,Low
Asus,4,2,0,7,12.5,2.7,16,512,0.91,17339400,0,0,1,1,Low
Lenovo,3,3,0,5,15.6,2.5,8,256,2.3,8998615,1,0,1,1,Low
Toshiba,4,2,0,7,13.3,2.7,32,512,1.05,24888708,0,1,1,1,Medium
Asus,1,3,0,7,15.6,2.8,8,128,1.99,12004200,0,0,1,1,Low
Acer,3,1,0,5,15.6,2.5,8,256,2.2,5148468,0,0,0,0,Low
Asus,1,3,0,7,17.3,2.6,24,256,4.33,11283948,1,1,1,1,Low
Lenovo,4,2,0,5,12.5,2.3,8,1,1.3,9772308,1,0,0,0,Low
Lenovo,3,2,0,7,15.6,1.8,8,256,2.17,7993018,0,0,1,1,Low
HP,3,2,0,7,14.0,2.8,8,256,1.48,15552108,0,0,1,1,Low
Lenovo,3,2,0,3,13.3,2.4,8,256,1.4,8438508,1,0,1,1,Low
Lenovo,3,2,0,5,15.6,2.5,8,256,2.3,8100612,1,0,1,1,Low
Asus,2,2,0,5,11.6,1.1,4,256,1.2,3023280,0,0,0,0,Low
HP,3,1,0,5,15.6,2.5,8,256,1.91,5504059,0,0,0,0,Low
Lenovo,3,2,0,5,13.9,1.6,8,256,1.4,14218308,1,1,1,1,Low
Lenovo,3,2,0,5,14.0,1.1,4,256,2.1,2658708,0,0,0,0,Low
Lenovo,2,2,3,5,11.6,1.6,4,16,1.25,2356380,0,0,0,0,Low
Lenovo,3,2,0,5,13.3,2.5,8,256,1.44,8438508,0,0,1,1,Low
Asus,3,2,0,7,15.6,2.7,8,256,2.0,10883808,0,0,1,1,Low
Acer,3,3,0,5,15.6,1.6,4,256,2.2,5450796,1,0,1,1,Low
HP,4,2,0,7,13.3,2.7,8,512,1.34,11764116,1,0,1,1,Low
Lenovo,1,3,1,7,15.6,2.8,8,256,2.4,10216908,1,0,1,1,Low
Dell,4,2,0,5,13.3,2.5,8,128,1.29,7993908,1,1,1,1,Low
Acer,3,3,0,7,15.6,2.7,4,256,2.2,5681988,0,0,1,1,Low
Dell,3,2,0,5,15.6,2.5,8,256,2.18,7433712,0,0,1,1,Low
Dell,3,1,0,7,15.6,1.8,16,256,2.2,10841482,0,0,1,1,Low
Xiaomi,3,3,1,7,15.6,1.8,16,256,1.95,12448355,1,0,1,1,Low
Asus,2,2,0,5,11.6,1.1,2,256,1.1,2178540,0,0,0,0,Low
HP,3,2,0,5,15.6,1.6,4,256,2.04,4636911,0,1,0,0,Low
Asus,1,3,0,7,15.6,2.8,24,512,2.24,26391456,0,0,1,1,Medium
HP,3,3,0,5,15.6,2.5,8,256,2.04,7904988,0,0,1,1,Low
Asus,1,3,0,7,17.3,2.8,16,256,3.0,13373568,0,0,1,1,Low
Lenovo,1,3,0,7,15.6,2.8,8,256,3.2,12439908,1,0,1,1,Low
HP,4,2,0,7,13.3,2.7,8,256,1.32,12439908,1,0,1,1,Low
Dell,3,2,0,5,14.0,2.6,8,256,1.64,11379359,0,0,1,1,Low
HP,3,2,0,3,15.6,2.0,4,128,1.63,6126588,0,0,0,0,Low
Dell,3,1,2,5,17.3,1.6,8,128,2.8,7904988,1,0,1,1,Low
Lenovo,3,2,0,5,14.0,2.3,8,256,2.02,11915280,0,0,1,1,Low
Lenovo,3,3,0,7,15.6,2.7,4,256,2.2,7104708,0,0,1,1,Low
Lenovo,3,3,1,3,15.6,2.0,8,256,2.2,4081428,0,0,0,0,Low
Dell,3,1,0,5,15.6,2.5,4,256,2.3,5201820,0,0,1,1,Low
Dell,3,2,0,5,15.6,2.8,8,256,1.9,12244284,0,0,1,1,Low
Dell,1,3,0,7,17.3,2.8,16,128,4.42,26789550,1,0,1,1,Medium
Toshiba,3,2,0,5,15.6,2.5,8,256,2.0,7647120,1,0,1,1,Low
Asus,3,3,0,7,15.6,2.7,8,256,2.0,11550708,1,0,0,0,Low
Mediacom,3,2,0,5,13.3,1.1,4,32,1.2,3281148,1,0,1,1,Low
Asus,1,3,0,5,15.6,2.5,8,128,2.3,14662908,1,0,1,1,Low
Dell,3,3,0,7,15.6,2.8,8,256,1.93,12173148,0,0,1,1,Low
Dell,3,1,0,5,15.6,1.6,8,256,2.2,7090569,0,0,1,1,Low
HP,3,2,0,5,15.6,1.6,4,256,1.86,3547819,0,0,1,1,Low
HP,1,3,0,7,17.3,2.8,12,256,2.62,15996708,0,0,1,1,Low
Lenovo,3,3,0,7,14.0,2.7,8,256,1.87,7638228,1,0,1,1,Low
Dell,4,2,0,7,13.3,1.8,8,256,1.2,12439908,0,1,0,0,Low
Dell,3,2,0,3,14.0,2.0,4,128,1.6,6543356,0,0,1,1,Low
HP,4,2,0,7,13.3,2.7,8,256,1.34,10181340,1,0,0,0,Low
Acer,1,3,2,5,15.6,2.5,8,256,2.4,7095816,0,0,1,1,Low
Asus,3,1,0,5,15.6,1.8,4,256,2.0,3103308,0,0,0,0,Low
HP,3,2,0,3,15.6,2.4,4,128,2.1,6273306,0,0,1,1,Low
Lenovo,3,2,0,5,14.0,2.5,4,256,1.87,6980220,0,0,1,1,Low
Lenovo,3,2,1,5,15.6,2.3,4,256,2.15,4111216,0,0,1,1,Low
HP,3,2,0,3,15.6,2.0,4,256,1.86,3530124,0,0,1,1,Low
Lenovo,3,2,0,7,15.6,2.7,8,512,1.99,15374268,1,0,1,1,Low
Lenovo,3,2,0,3,15.6,2.0,4,128,2.2,4437108,0,0,1,1,Low
Dell,3,2,0,5,15.6,2.5,8,256,1.9,9932275,0,0,1,1,Low
Dell,1,3,0,7,17.3,2.8,16,256,4.42,23999508,1,0,1,1,Medium
HP,3,2,0,3,17.3,2.0,8,256,2.65,4838581,0,0,0,0,Low
HP,3,3,0,7,17.3,2.7,8,256,2.63,11381760,0,0,1,1,Low
Asus,3,2,2,5,15.6,1.1,4,256,2.0,1991808,0,0,0,0,Low
Mediacom,3,2,0,5,13.3,1.44,4,256,1.35,2267460,1,0,1,1,Low
Lenovo,3,3,0,7,17.3,2.7,6,128,2.8,8438508,0,0,0,0,Low
HP,3,1,0,5,15.6,2.5,6,128,1.91,5058658,1,0,1,1,Low
Dell,3,1,0,3,15.6,2.0,4,256,2.18,5494366,0,0,0,0,Low
Acer,3,2,0,5,11.6,2.0,4,256,1.25,3103308,1,1,1,1,Low
Lenovo,3,2,0,3,15.6,2.7,4,128,2.05,5601960,0,0,1,1,Low
HP,4,2,0,5,13.3,1.2,16,512,1.16,17472780,1,1,0,0,Low
Lenovo,3,3,0,7,17.3,2.8,8,256,3.4,26667108,1,0,1,1,Medium
Asus,3,3,0,5,15.6,2.5,8,128,2.5,7460388,0,0,1,1,Low
Dell,4,2,0,5,13.3,1.6,8,128,1.21,14218308,1,1,0,0,Low
Dell,3,2,0,5,15.6,2.6,4,256,1.93,8527428,0,0,0,0,Low
Fujitsu,3,2,0,5,15.6,2.5,8,256,2.2,6571188,0,0,0,0,Low
Lenovo,3,2,0,5,15.6,1.1,4,256,2.2,3058848,0,0,1,1,Low
Lenovo,3,2,0,5,14.0,2.5,4,256,2.02,8803080,0,0,0,0,Low
HP,5,3,0,5,17.3,2.8,8,256,3.14,16547923,0,0,0,0,Low
HP,3,2,0,5,14.0,1.6,8,256,1.94,3458988,0,0,0,0,Low
HP,3,1,0,5,15.6,3.0,6,256,1.95,5770908,1,0,1,1,Low
Lenovo,3,2,0,5,15.6,2.5,8,256,2.3,7380360,0,0,1,1,Low
Lenovo,3,2,0,5,15.6,1.6,4,256,2.05,6091020,0,0,1,1,Low
Mediacom,3,2,0,5,14.0,1.44,4,32,1.4,2214108,0,0,1,1,Low
Toshiba,4,2,0,7,14.0,2.7,16,512,1.24,16583580,0,1,1,1,Low
Lenovo,1,3,0,7,17.3,2.7,32,256,4.6,23679396,1,0,1,1,Medium
MSI,1,3,0,7,17.3,2.9,16,512,4.14,24266268,0,0,1,1,Medium
Dell,3,1,2,7,15.6,2.7,8,256,2.2,6660196,0,0,1,1,Low
Mediacom,3,2,0,5,14.0,1.1,4,32,1.45,3458988,1,0,1,1,Low
Dell,3,2,0,5,15.6,2.6,8,256,1.9,8967759,0,0,0,0,Low
HP,3,2,0,3,13.3,2.4,4,128,1.49,6393348,0,0,1,1,Low
Dell,3,3,0,7,15.6,2.8,16,256,1.93,13670471,0,0,1,1,Low
Dell,2,2,3,5,11.6,1.6,4,256,1.26,2623140,0,0,0,0,Low
MSI,1,3,0,7,17.3,2.7,16,128,4.5,20887308,0,0,1,1,Medium
HP,1,3,0,7,17.3,2.8,16,256,3.78,13320216,1,0,1,1,Low
Lenovo,4,2,0,7,14.0,2.6,12,256,1.4,14876316,1,0,1,1,Low
Lenovo,3,2,0,7,15.6,1.8,12,256,2.2,5415228,0,1,0,0,Low
Asus,1,3,0,5,17.3,2.5,8,128,2.73,15738840,1,0,1,1,Low
Asus,3,2,0,5,15.6,2.5,8,256,2.2,6571188,0,1,0,0,Low
Lenovo,3,1,0,5,15.6,3.6,12,512,2.2,8438508,0,0,1,1,Low
Dell,3,2,0,5,11.6,1.0,4,128,1.39,5361876,0,1,0,0,Low
Samsung,3,3,0,7,15.6,2.8,16,128,2.5,15107508,0,0,1,1,Low
Lenovo,3,2,1,3,17.3,2.0,4,256,2.8,4703868,0,0,1,1,Low
Lenovo,3,2,0,3,15.6,2.3,8,256,2.29,4081428,0,0,0,0,Low
Lenovo,3,2,0,7,13.3,2.7,8,512,1.37,18006300,1,1,1,1,Low
Lenovo,3,2,0,5,14.0,2.5,8,256,1.7,13106808,1,0,1,1,Low
Dell,3,2,0,5,12.5,2.5,8,256,1.34,14849640,0,1,1,1,Low
Dell,5,3,0,7,15.6,2.8,8,256,2.06,15676596,0,1,1,1,Low
HP,3,2,0,7,15.6,2.7,8,256,1.84,10839348,0,0,1,1,Low
HP,3,2,0,3,15.6,2.4,4,256,2.1,5944124,0,0,0,0,Low
Acer,3,2,0,5,14.0,1.1,4,256,1.6,2925468,0,0,1,1,Low
MSI,1,3,0,7,17.3,2.7,16,128,4.14,19553508,0,0,1,1,Medium
Dell,3,1,2,3,15.6,2.0,4,256,2.18,4134780,0,0,0,0,Low
MSI,1,3,0,7,15.6,2.8,16,256,1.8,20442708,0,0,0,0,Medium
Toshiba,3,2,0,7,15.6,2.5,8,256,2.2,12439908,1,0,1,1,Low
Lenovo,3,2,0,5,15.6,2.5,6,256,2.4,5015088,0,0,1,1,Low
Lenovo,3,2,0,7,15.6,2.8,8,256,2.0,11550708,1,1,1,1,Low
Acer,3,2,0,5,14.0,1.6,4,256,1.6,3103308,0,0,0,0,Low
Lenovo,3,3,0,5,15.6,3.1,32,256,2.5,43561908,1,0,0,0,High
Dell,1,3,0,7,15.6,2.6,16,256,2.59,7816156,0,0,1,1,Low
Dell,3,2,2,3,15.6,2.0,4,256,2.18,3947158,0,0,0,0,Low
Dell,3,2,2,3,15.6,2.0,4,256,2.25,3192228,0,0,0,0,Low
Dell,3,2,2,5,15.6,2.6,4,256,1.93,7727148,0,0,0,0,Low
Asus,1,3,0,7,17.3,2.8,8,128,3.0,10385856,0,0,1,1,Low
Dell,3,1,2,5,15.6,2.5,4,128,2.18,5059548,0,0,1,1,Low
HP,4,2,0,7,15.6,2.7,8,512,1.84,12350988,0,0,1,1,Low
MSI,1,3,0,7,15.6,2.8,16,256,2.94,20165811,0,0,1,1,Medium
Acer,3,2,3,5,11.6,1.6,4,256,1.25,3370068,1,1,0,0,Low
HP,3,2,0,5,14.0,2.6,8,256,2.31,9994608,0,0,0,0,Low
Lenovo,3,2,0,5,14.0,2.3,8,256,1.65,13026780,0,0,1,1,Low
Dell,3,1,0,5,15.6,1.6,4,256,2.2,6900192,0,0,1,1,Low
Fujitsu,3,2,0,5,15.6,2.5,8,256,2.2,7104708,0,0,0,0,Low
HP,3,2,0,5,15.6,2.3,4,256,1.88,8287344,0,0,0,0,Low
Lenovo,3,3,0,7,15.6,2.7,8,256,2.2,7993908,0,0,1,1,Low
Mediacom,3,2,0,5,14.0,1.44,2,256,1.4,2125188,0,0,1,1,Low
Lenovo,3,2,1,5,15.6,2.5,4,128,2.2,4161456,0,0,1,1,Low
Asus,3,2,0,5,13.3,2.5,6,256,1.5,5682076,0,1,1,1,Low
Dell,3,3,0,7,15.6,2.8,8,256,2.0,16183440,0,0,1,1,Low
Asus,4,2,0,7,14.0,2.7,16,512,1.1,16894800,0,0,1,1,Low
Dell,1,3,0,7,15.6,2.8,16,256,2.62,13151268,0,0,1,1,Low
Lenovo,3,2,0,5,15.6,1.6,4,256,1.8,7371468,0,0,1,1,Low
Lenovo,3,3,0,3,15.6,2.0,4,256,2.2,5148468,0,0,1,1,Low
Asus,3,2,0,5,15.6,1.1,8,256,2.0,3547908,0,0,0,0,Low
Asus,3,3,0,5,15.6,2.5,8,256,1.99,8061665,0,0,1,1,Low
Dell,4,2,0,5,13.3,1.6,8,256,1.23,16619148,0,1,0,0,Low
Lenovo,3,2,0,5,14.0,1.6,2,256,1.42,2214108,0,0,0,0,Low
Lenovo,3,2,0,7,13.3,2.7,8,256,1.37,15626978,1,1,1,1,Low
Dell,3,3,0,7,15.6,2.8,16,256,2.06,21331908,0,1,0,0,Medium
Lenovo,1,3,0,7,15.6,2.8,8,128,2.5,9861228,1,0,1,1,Low
HP,3,1,0,5,17.0,3.0,8,256,2.6,4631842,0,0,0,0,Low
Lenovo,4,2,0,7,14.0,2.7,16,512,1.14,21785400,1,0,1,1,Medium
Asus,1,3,1,7,15.6,2.8,8,256,2.5,10394748,1,0,1,1,Low
Acer,3,2,0,3,15.6,2.0,4,256,2.4,4001400,0,0,0,0,Low
Lenovo,3,2,0,5,14.0,1.6,4,256,1.43,2436408,0,0,0,0,Low
Acer,4,2,0,5,14.0,2.5,8,256,1.8,8171748,1,0,1,1,Low
Razer,1,3,0,7,14.0,2.8,16,256,1.95,23110308,0,0,1,1,Medium
Toshiba,3,2,0,5,13.3,2.3,8,256,1.2,10785996,0,0,1,1,Low
Lenovo,4,2,0,7,12.5,2.7,8,256,1.36,14084928,1,0,1,1,Low
Asus,1,3,0,7,17.3,2.7,32,512,3.8,24888708,1,0,1,1,Medium
Acer,1,3,2,5,15.6,2.5,8,256,2.4,6304428,0,0,1,1,Low
Dell,4,2,0,5,13.3,1.6,8,256,1.2,12892510,0,0,1,1,Low
MSI,1,3,0,7,15.6,2.8,8,128,2.2,10597485,0,0,1,1,Low
HP,3,2,1,3,15.6,2.0,4,256,1.86,3244690,0,0,0,0,Low
Toshiba,3,2,0,5,15.6,2.5,8,256,2.0,9461088,1,0,1,1,Low
Dell,3,1,0,7,15.6,1.8,8,256,2.2,8171748,0,0,1,1,Low
Dell,3,1,0,7,15.6,1.8,16,256,2.2,10092420,0,0,1,1,Low
Lenovo,1,3,0,7,15.6,2.6,8,128,3.31,10634832,1,0,1,1,Low
Dell,1,3,0,7,17.3,2.8,32,512,4.42,27986414,1,0,0,0,Medium
Dell,3,2,0,5,14.0,2.4,8,256,1.56,10928268,0,0,1,1,Low
Lenovo,3,2,0,5,15.6,1.1,4,256,2.2,3725748,0,0,0,0,Low
Lenovo,3,2,0,5,15.6,2.3,4,256,2.2,4757220,0,0,1,1,Low
HP,3,1,0,3,15.6,2.0,6,256,2.04,4792788,0,0,0,1,Low
MSI,1,3,0,7,17.3,2.8,8,128,2.7,13220358,0,0,1,1,Low
Toshiba,3,2,0,3,15.6,2.1,4,128,2.1,4428216,0,0,0,0,Low
Dell,3,2,0,5,15.6,2.5,8,256,2.06,8491860,0,0,1,1,Low
HP,3,1,0,7,15.6,2.7,8,256,2.1,6624540,0,0,1,1,Low
Toshiba,3,2,0,5,15.6,2.5,8,256,2.0,11186136,1,0,1,1,Low
Acer,3,2,2,3,15.6,2.0,4,128,2.1,3663504,0,0,0,0,Low
Microsoft,4,2,0,7,13.5,2.8,8,256,1.252,16608922,0,1,0,0,Low
Lenovo,3,1,0,5,15.6,2.5,8,128,1.9,7273211,0,0,1,1,Low
Lenovo,3,2,0,5,13.3,2.5,8,256,1.3,9194328,1,1,1,1,Low
Lenovo,3,1,0,5,15.6,2.2,4,128,2.2,3103308,0,0,0,0,Low
HP,3,3,0,3,14.0,2.4,4,128,1.63,6215508,1,1,1,1,Low
MSI,1,3,0,7,15.6,2.8,16,256,2.4,11506248,0,0,1,1,Low
Asus,4,2,0,5,14.0,2.5,8,256,1.1,10092420,0,0,1,1,Low
HP,3,2,3,5,11.6,1.1,8,256,1.4,4401540,0,1,0,0,Low
LG,4,2,0,7,15.6,1.8,8,512,1.09,20442708,1,0,1,1,Medium
Acer,1,3,0,5,15.6,2.5,16,256,2.5,11550708,0,0,1,1,Low
MSI,1,3,0,5,15.6,2.5,8,256,2.2,8873326,0,0,1,1,Low
Asus,3,2,0,5,15.6,1.1,4,128,1.86,3725748,0,0,0,0,Low
Dell,1,3,0,5,15.6,2.5,16,128,3.21,18237492,0,0,1,1,Low
HP,3,1,0,3,17.3,2.0,4,256,2.5,6215508,1,0,1,1,Low
Lenovo,3,2,0,7,13.3,1.8,8,512,1.19,13329108,1,1,1,1,Low
Dell,1,3,0,7,15.6,2.9,16,256,3.49,25019865,0,0,1,1,Medium
HP,3,1,0,5,15.6,2.5,4,256,1.86,5447328,0,0,0,0,Low
Dell,3,1,0,3,15.6,2.0,4,256,2.2,4852097,0,0,0,0,Low
HP,3,1,0,5,17.3,2.4,6,256,2.65,5059548,1,0,1,1,Low
Lenovo,3,2,0,5,15.6,1.6,4,256,2.1,2827656,0,0,0,0,Low
Acer,3,2,3,5,14.0,1.6,4,256,1.45,3334500,0,0,0,0,Low
Lenovo,3,2,0,5,14.0,2.5,4,256,1.7,6215508,0,0,1,1,Low
HP,5,3,0,7,17.3,2.8,8,256,3.14,16965847,0,0,1,1,Low
Lenovo,3,2,0,7,14.0,2.7,8,256,1.42,23030280,0,1,0,0,Medium
Toshiba,3,2,0,5,13.3,2.5,8,256,1.5,8651916,1,0,1,1,Low
Acer,2,2,0,5,11.6,1.6,4,256,1.4,2391948,0,0,0,0,Low
Lenovo,3,2,0,7,14.0,2.7,16,512,1.38,15552108,0,1,1,1,Low
Asus,3,2,3,5,12.5,0.9,4,256,1.2,5948748,0,1,1,1,Low
Toshiba,4,2,0,7,13.3,2.5,16,512,1.36,16690284,0,1,1,1,Low
HP,3,1,0,7,15.6,2.7,4,256,2.1,6126588,1,0,1,1,Low
Dell,1,3,0,5,15.6,2.5,8,256,2.56,7282548,0,0,1,1,Low
Lenovo,3,1,0,5,15.6,2.9,4,256,2.2,3547908,0,0,1,1,Low
Lenovo,3,1,0,5,15.6,3.6,8,256,2.2,3814668,0,0,0,0,Low
Lenovo,3,2,0,5,15.6,2.5,4,256,2.1,5525933,0,0,1,1,Low
Lenovo,3,2,1,3,15.6,2.0,4,256,1.9,4001400,0,0,0,0,Low
Dell,3,2,0,5,15.6,2.5,8,256,2.18,7069140,0,0,1,1,Low
Acer,3,2,0,5,13.3,1.6,8,256,1.6,8883108,1,1,1,1,Low
Lenovo,5,3,0,7,15.6,2.5,16,512,2.18,16494660,0,0,1,1,Low
Lenovo,3,2,0,5,14.0,2.3,8,256,1.8,10590372,0,0,1,1,Low
HP,3,1,0,5,17.3,2.5,6,256,2.71,5824348,1,0,1,1,Low
Lenovo,1,3,0,7,15.6,2.8,8,128,2.5,11106108,1,0,1,1,Low
Dell,3,3,2,5,14.0,2.8,8,256,1.64,9683388,0,0,1,1,Low
Dell,3,2,2,5,15.6,2.5,8,256,1.98,6455592,0,0,1,1,Low
Asus,3,2,0,5,14.0,1.1,4,256,1.5,2649816,0,0,1,1,Low
Dell,3,2,0,5,15.6,2.6,16,512,1.93,12685860,0,0,1,1,Low
Lenovo,3,3,0,5,14.0,2.5,8,256,1.87,7621066,1,0,1,1,Low
Dell,3,2,0,5,15.6,2.6,8,256,1.9,10483668,0,0,1,1,Low
Lenovo,3,1,0,5,15.6,2.0,4,256,2.19,2649816,0,0,0,0,Low
Mediacom,3,2,0,5,14.0,1.92,4,256,1.4,2356380,1,0,1,0,Low
HP,3,3,0,7,17.3,2.7,8,256,2.63,10670400,0,0,1,1,Low
Lenovo,4,2,0,7,14.0,2.5,8,512,1.17,14997602,1,0,0,0,Low
HP,3,2,0,5,13.3,2.5,8,256,1.58,7439047,1,1,0,0,Low
Lenovo,4,2,0,5,14.0,2.5,8,256,1.32,13329108,1,0,1,1,Low
Dell,1,3,0,7,17.3,2.8,32,256,4.36,32539384,0,0,0,0,Medium
MSI,1,3,0,7,17.3,2.8,8,128,2.7,11990684,0,0,1,1,Low
Lenovo,3,2,1,5,15.6,2.5,4,256,1.9,4356190,0,0,0,0,Low
Dell,3,1,0,5,15.6,1.6,8,128,2.2,6393348,0,0,1,1,Low
Dell,3,2,0,3,13.3,2.4,4,256,1.71,5770908,0,1,1,1,Low
Dell,3,1,2,5,15.6,2.5,8,256,2.32,5242011,0,0,0,0,Low
HP,3,1,0,5,15.6,3.0,4,256,2.1,4348188,0,0,1,1,Low
Acer,1,3,0,7,17.3,2.6,16,128,4.2,17206020,1,0,1,1,Low
Dell,3,2,0,5,15.6,2.5,12,256,2.25,5770908,0,0,0,0,Low
HP,3,1,0,5,15.6,3.0,6,128,2.1,5779800,0,0,1,1,Low
Acer,3,2,0,5,15.6,2.5,4,256,2.4,4970628,0,0,0,0,Low
Lenovo,3,2,0,5,13.3,2.5,8,256,1.44,8536320,1,0,1,1,Low
Lenovo,3,2,0,7,15.6,2.7,4,256,1.85,6926868,0,0,1,1,Low
HP,5,3,0,7,15.6,2.8,16,256,2.6,21509748,0,0,1,1,Medium
Dell,3,2,0,5,13.3,1.6,8,256,1.55,5859828,0,1,1,1,Low
MSI,1,3,0,7,15.6,2.8,16,256,1.8,18624116,0,0,1,1,Low
Acer,3,2,0,3,15.6,2.0,4,256,2.4,3652833,0,0,0,0,Low
Dell,3,3,0,7,15.6,2.7,8,128,2.0,10732644,0,0,1,1,Low
Dell,3,2,0,3,15.6,2.0,8,256,2.0,5913180,0,0,0,0,Low
Toshiba,3,2,0,5,14.0,2.5,8,256,1.25,13649220,1,1,1,1,Low
Lenovo,3,2,0,5,14.0,2.5,8,256,1.7,8883108,0,1,1,1,Low
Lenovo,5,3,0,7,15.6,2.8,16,256,2.5,29334708,1,0,0,0,Medium
Acer,3,2,3,5,14.0,1.6,2,256,1.68,2934360,0,0,0,0,Low
Samsung,4,2,0,7,13.3,2.7,16,256,0.81,14662908,0,0,1,1,Low
HP,3,2,0,3,15.6,2.0,8,256,1.86,4792788,0,0,1,1,Low
Dell,3,2,0,5,14.0,2.5,8,256,1.6,10018705,0,0,0,0,Low
HP,5,3,0,5,17.3,2.9,16,256,3.0,39026988,1,0,1,1,High
Lenovo,2,2,0,5,11.6,1.6,4,128,1.4,4223700,0,1,0,0,Low
HP,3,2,0,5,15.6,2.4,8,256,1.84,16894800,0,0,1,1,Low
Asus,3,3,1,5,15.6,2.3,4,256,2.45,5148468,0,0,0,0,Low
Lenovo,4,2,0,5,14.0,2.3,4,1,1.7,9745632,0,0,1,1,Low
Asus,3,2,0,7,15.6,2.7,4,256,2.37,7557310,0,0,0,0,Low
Lenovo,3,2,0,5,13.3,1.8,8,256,1.3,10661508,1,1,0,0,Low
HP,3,3,0,5,15.6,2.5,8,128,2.2,9772308,1,0,1,1,Low
HP,5,3,0,7,15.6,2.6,8,256,2.59,13880412,0,0,1,1,Low
Dell,1,3,0,7,15.6,2.8,16,256,4.42,25511059,1,0,0,0,Medium
Acer,3,2,0,5,15.6,2.5,4,256,2.1,5326308,0,0,0,0,Low
Lenovo,1,3,0,7,15.6,2.8,8,128,2.5,9318816,1,0,1,1,Low
Dell,4,2,0,7,12.5,2.8,16,256,1.18,16530228,0,0,1,1,Low
Google,4,2,3,5,12.3,1.2,8,256,1.1,13862628,0,1,0,0,Low
Asus,4,2,0,5,13.3,2.5,8,256,1.2,10039068,1,0,0,0,Low
Dell,3,2,0,3,13.3,2.0,4,256,1.65,7549308,0,0,0,0,Low
Acer,3,2,0,5,13.3,2.3,4,128,1.6,5824260,0,0,0,0,Low
Asus,3,3,0,5,17.3,1.1,4,256,2.8,4182263,0,0,0,0,Low
Dell,1,3,0,7,15.6,2.6,16,128,2.72,9772308,1,1,0,0,Low
Samsung,4,2,0,7,13.3,2.7,8,256,1.31,14218308,0,1,1,1,Low
Acer,3,2,2,5,15.6,1.1,4,256,2.1,2649816,0,0,0,0,Low
Dell,3,1,0,7,15.6,2.7,16,256,2.3,10503852,0,0,1,1,Low
Samsung,3,1,0,7,15.0,2.7,16,256,1.71,15996708,0,1,1,1,Low
Toshiba,3,2,0,5,14.0,2.3,4,128,1.75,9069840,1,0,0,0,Low
Dell,1,3,0,7,15.6,2.8,8,256,2.62,9772308,0,0,1,1,Low
HP,4,2,0,5,12.5,2.3,4,256,1.26,11061648,0,0,0,0,Low
Asus,3,3,0,7,15.6,2.7,12,256,2.3,7460388,0,1,1,1,Low
Lenovo,3,3,0,7,15.6,2.7,16,512,2.5,21074040,0,0,0,0,Medium
Acer,3,2,0,3,14.0,2.4,4,128,1.8,5655312,1,0,1,1,Low
Razer,1,3,0,7,14.0,2.8,16,512,1.95,25777908,0,0,1,1,Medium
Asus,3,2,0,5,15.6,1.1,8,128,2.0,5174254,0,0,0,1,Low
Dell,1,3,0,7,17.3,2.8,32,256,4.42,31911609,1,0,1,1,Medium
Asus,1,3,0,7,17.3,2.6,16,256,4.3,20896200,1,0,1,1,Medium
Toshiba,4,3,0,7,14.0,2.6,16,512,1.47,15685488,1,0,1,1,Low
Lenovo,3,2,1,5,15.6,1.6,8,256,2.2,2925468,0,0,0,0,Low
Lenovo,4,2,0,7,14.0,2.7,16,512,1.7,20442708,0,0,1,1,Medium
MSI,1,3,0,7,14.0,2.8,16,256,1.6,16814772,1,0,1,1,Low
MSI,1,3,0,5,15.6,2.5,8,128,2.2,9683388,0,0,1,1,Low
Lenovo,1,3,0,7,15.6,2.8,4,256,2.4,8883108,1,0,1,1,Low
Acer,1,3,0,7,17.3,2.8,16,256,4.2,20442708,1,0,1,1,Medium
Dell,1,3,0,5,15.6,2.5,8,256,2.62,8758620,0,0,1,1,Low
Asus,1,3,0,7,15.6,2.8,8,128,2.24,11906388,0,0,1,1,Low
Vero,3,2,0,5,14.0,1.1,4,256,1.22,1804186,0,0,0,1,Low
Lenovo,3,2,0,7,13.3,2.7,8,512,1.37,17517240,1,1,1,1,Low
Lenovo,3,1,0,5,15.6,2.5,8,256,2.08,8527428,0,1,1,1,Low
Apple,4,2,0,5,12.0,1.2,8,256,0.92,10359180,1,0,0,0,Low
Lenovo,3,2,0,5,14.0,2.5,8,256,1.42,20718360,1,1,0,0,Medium
Asus,3,2,0,5,14.0,1.1,4,256,1.63,2658708,0,0,0,0,Low
Dell,3,2,0,5,15.6,2.5,8,128,1.95,7202520,0,0,0,0,Low
Lenovo,3,2,0,7,13.9,2.7,8,256,1.38,11995308,1,1,1,1,Low
Dell,3,1,0,3,15.6,2.0,8,256,2.0,6571188,0,0,1,1,Low
HP,5,3,0,7,15.6,2.8,8,256,3.14,18361090,0,0,1,1,Low
Asus,3,2,0,5,15.6,2.5,8,256,2.37,9772308,0,0,1,1,Low
Dell,4,2,0,5,13.3,2.5,8,256,1.29,13329108,0,0,1,1,Low
Dell,3,3,0,5,15.6,2.5,8,256,2.06,15552108,0,1,0,0,Low
Dell,2,2,0,5,11.6,1.1,4,128,1.63,6615648,0,0,0,0,Low
HP,2,2,0,5,12.5,2.6,8,256,1.26,12350988,0,0,0,0,Low
Toshiba,3,2,0,5,15.6,2.3,4,256,2.1,6935760,0,0,0,0,Low
HP,3,1,0,5,15.6,2.5,8,256,2.04,5593068,0,0,0,0,Low
Dell,1,3,0,7,15.6,2.8,16,512,2.62,14929668,0,0,0,0,Low
Lenovo,3,3,0,5,15.6,2.5,4,256,2.4,5415228,0,0,1,1,Low
HP,1,1,0,7,17.3,2.8,12,256,3.74,15552108,1,0,1,1,Low
MSI,1,3,0,7,17.3,2.8,16,512,2.9,21474180,0,0,1,1,Medium
Samsung,4,2,0,5,13.3,2.5,8,256,0.81,13329108,0,0,1,1,Low
Dell,3,3,0,7,15.6,2.7,8,256,1.98,8545212,0,0,1,1,Low
Dell,3,1,0,5,15.6,2.5,8,256,2.18,7022990,0,0,1,1,Low
Lenovo,4,2,0,7,14.0,2.7,8,256,1.32,16530228,0,0,1,1,Low
Razer,4,2,0,7,12.5,2.5,16,512,1.29,15996708,1,1,0,0,Low
HP,2,2,3,5,11.6,1.6,4,256,1.23,3423420,0,0,0,0,Low
Dell,1,3,0,7,17.3,2.8,16,128,4.36,22274637,1,0,1,1,Medium
Dell,3,2,0,5,14.0,2.3,4,256,1.76,6713460,0,0,0,0,Low
Lenovo,3,2,0,3,15.6,2.0,4,256,2.1,4356190,0,0,0,0,Low
Toshiba,4,2,0,5,14.0,2.5,4,128,1.25,9692280,0,0,0,0,Low
Lenovo,4,2,0,7,14.0,2.7,8,512,1.13,22221108,1,0,1,1,Medium
MSI,1,3,0,5,15.6,2.5,8,256,2.4,10661508,0,0,1,1,Low
Lenovo,4,2,0,5,14.0,2.5,8,256,1.13,16672500,1,0,1,1,Low
Toshiba,3,2,0,5,14.0,2.1,4,128,1.75,4437108,0,0,0,0,Low
Asus,3,2,0,5,13.3,2.5,8,256,1.1,12075336,0,1,1,1,Low
Dell,3,2,0,3,14.0,2.0,4,256,1.76,5201820,0,0,0,0,Low
Acer,2,2,3,5,11.6,1.6,4,256,1.35,3156660,1,0,0,0,Low
Acer,3,2,0,3,14.0,2.4,8,128,1.5,5504148,1,0,1,1,Low
Razer,1,3,0,7,17.3,2.9,32,512,3.49,48897108,0,1,0,0,High
Lenovo,4,2,0,7,14.0,2.6,16,512,1.1,18664308,1,0,0,0,Low
Asus,3,3,2,5,15.6,2.5,4,256,2.1,4614948,0,0,1,1,Low
Lenovo,3,2,0,5,14.0,2.3,8,256,1.7,10545912,0,0,1,1,Low
Lenovo,3,2,0,5,14.0,2.6,8,256,1.32,14671800,1,0,1,1,Low
Dell,1,3,0,7,15.6,2.8,16,256,3.21,24672009,0,0,1,1,Medium
Asus,1,3,0,7,17.3,2.8,16,256,2.9,21509748,0,0,1,1,Medium
Toshiba,3,2,0,3,15.6,2.4,4,256,2.0,5948748,0,0,0,0,Low
Lenovo,3,2,3,5,14.0,1.6,4,256,1.5,2889900,0,0,0,0,Low
Asus,3,2,0,5,15.6,2.5,8,256,2.3,5246280,0,0,1,1,Low
Asus,1,3,0,7,17.3,2.6,16,512,2.73,15996708,0,0,1,1,Low
Dell,1,3,0,7,17.3,2.8,32,512,4.42,27324137,1,0,1,1,Medium
HP,3,3,0,5,17.3,2.5,8,256,2.63,8091720,0,0,0,0,Low
Dell,3,2,0,5,15.6,2.5,8,128,2.18,6348799,0,0,0,0,Low
HP,4,2,0,7,14.0,2.5,8,512,1.54,16628040,0,0,1,1,Low
Dell,3,1,0,7,15.6,2.7,4,256,2.18,6571188,0,0,1,1,Low
HP,3,2,3,5,11.6,1.1,4,256,1.4,5468580,0,1,0,0,Low
Asus,4,3,0,5,13.3,2.3,8,512,1.45,9123192,1,0,1,1,Low
HP,3,2,0,5,13.3,2.5,8,256,1.28,20247084,0,1,1,1,Medium
HP,4,2,0,7,14.0,2.5,8,512,1.54,13053456,0,0,1,1,Low
HP,3,2,1,5,15.6,1.6,4,128,1.86,2658708,0,0,0,0,Low
Asus,1,3,0,7,15.6,2.8,16,128,2.1,16885908,0,0,1,1,Low
Dell,3,1,2,7,17.3,2.7,8,256,2.83,7691580,0,0,1,1,Low
Lenovo,4,3,0,7,14.0,2.8,8,256,1.96,16921476,1,0,1,1,Low
Asus,3,3,0,7,15.6,2.7,8,256,2.3,6998004,1,0,1,1,Low
Dell,3,2,0,5,15.6,2.5,8,128,1.9,8402940,0,0,1,1,Low
Asus,3,2,0,5,15.6,1.1,4,256,2.0,3992508,0,0,0,0,Low
HP,3,2,0,7,13.3,2.8,8,256,1.28,22754628,0,1,1,1,Medium
Dell,3,2,0,5,13.3,2.3,8,256,1.62,5770908,0,1,1,1,Low
Lenovo,3,2,1,3,15.6,2.0,4,256,2.2,4170348,0,0,1,1,Low
Lenovo,3,2,0,5,15.6,2.5,8,256,2.3,7564068,1,0,1,1,Low
HP,3,1,0,5,15.6,2.6,8,256,1.84,11995308,0,0,1,1,Low
Toshiba,3,2,0,5,13.3,2.5,4,128,1.05,11426220,0,0,1,1,Low
Lenovo,1,3,1,5,15.6,2.5,8,256,2.5,9043164,1,0,1,1,Low
Dell,4,2,0,7,13.3,2.5,16,512,1.29,19918080,0,1,0,0,Medium
HP,3,2,0,5,15.6,2.3,4,256,2.07,8091720,0,0,1,1,Low
Toshiba,4,2,0,5,13.3,2.3,8,256,1.2,9736740,0,0,0,0,Low
Lenovo,3,2,0,7,13.3,2.7,8,256,1.37,17339400,1,1,1,1,Low
Acer,3,2,0,5,14.0,2.5,8,256,1.56,8020584,1,0,1,1,Low
Dell,5,3,0,7,15.6,2.8,8,256,2.23,15809976,0,0,1,1,Low
Lenovo,3,2,0,5,15.6,2.5,4,256,2.38,9381060,0,0,0,0,Low
Lenovo,3,1,1,3,15.6,2.0,4,256,2.2,4259268,0,0,1,1,Low
Toshiba,3,2,0,7,15.6,2.7,8,256,2.0,12342096,1,0,1,1,Low
Lenovo,3,2,0,3,13.3,2.4,4,1,1.44,6535620,1,0,1,1,Low
Samsung,4,3,0,7,15.0,2.7,16,256,1.23,16441308,0,0,1,1,Low
Dell,4,2,0,7,12.5,2.8,8,256,1.6,15027480,0,0,1,1,Low
Asus,3,2,2,5,15.6,1.1,4,256,2.0,3547819,0,0,0,0,Low
Xiaomi,4,3,0,5,13.3,2.3,8,256,1.28,8314020,1,0,1,1,Low
Dell,3,3,0,5,15.6,2.5,4,128,2.18,8113950,0,0,1,1,Low
HP,3,2,0,5,15.6,2.5,4,256,2.04,7460388,0,0,1,1,Low
HP,3,2,0,5,13.3,2.5,4,256,1.28,15116400,0,1,1,1,Low
HP,3,2,0,5,15.6,2.5,4,256,2.3,6089241,0,1,0,0,Low
Asus,3,2,0,5,14.1,1.1,4,256,1.65,3094416,0,0,0,0,Low
Lenovo,3,3,0,7,15.6,2.5,8,256,2.2,5948748,1,0,1,1,Low
Dell,3,2,0,5,15.6,1.6,4,256,2.2,3281148,0,0,0,0,Low
HP,3,2,0,5,13.3,2.5,4,256,1.28,15996708,0,1,1,1,Low
Dell,3,1,2,3,15.6,2.0,4,256,2.18,4052084,0,0,0,0,Low
Asus,1,3,0,5,17.3,2.5,12,128,2.2,12181150,0,0,1,1,Low
Acer,2,2,3,5,11.6,1.6,4,256,1.25,2640924,1,0,0,0,Low
Lenovo,3,1,0,5,17.3,2.2,4,256,2.8,3370068,0,0,0,0,Low
HP,3,2,0,5,14.0,2.5,4,128,1.95,11248380,0,0,1,1,Low
HP,3,2,0,7,13.3,2.7,16,256,1.42,12439908,0,1,0,0,Low
Samsung,4,2,0,7,15.0,2.7,8,256,1.17,15107508,0,0,1,1,Low
Lenovo,4,2,0,5,14.0,2.5,8,256,1.32,15996708,1,0,1,1,Low
MSI,1,3,0,7,17.3,2.6,16,512,2.43,23554908,1,0,0,0,Medium
Toshiba,3,2,0,5,13.3,2.5,8,256,1.05,13115700,0,0,1,1,Low
Dell,1,3,2,7,15.6,2.8,8,256,2.62,8260668,0,0,1,1,Low
HP,3,3,0,7,15.6,2.7,8,256,2.04,8002800,0,0,1,1,Low
Dell,3,1,0,3,15.6,2.0,4,256,2.18,5459688,0,0,0,0,Low
Dell,3,2,0,5,15.6,2.6,8,256,1.9,8314020,0,0,1,1,Low
Dell,3,2,0,7,13.3,1.3,8,512,1.24,17900485,0,1,0,0,Low
Asus,1,3,0,7,17.3,2.7,32,256,3.58,11372868,1,0,1,1,Low
Dell,3,2,0,7,13.3,1.3,16,256,1.22,14662908,0,1,1,1,Low
Lenovo,4,2,0,7,14.0,2.7,8,256,1.13,18219708,1,0,1,1,Low
Lenovo,3,2,0,5,15.6,2.5,8,512,1.95,17454907,1,0,1,1,Low
LG,4,2,0,7,15.6,2.7,16,512,1.08,18664308,1,1,1,1,Low
HP,2,2,0,7,12.5,2.7,8,512,1.26,13186836,0,0,1,1,Low
Acer,3,2,3,5,15.6,1.5,4,256,2.2,3192228,1,0,1,1,Low
Lenovo,3,3,0,5,15.6,2.3,8,128,2.6,7015788,1,0,1,1,Low
LG,4,2,0,7,14.0,2.7,8,512,0.98,16885908,1,1,1,1,Low
Dell,3,2,0,5,14.0,2.8,8,256,1.6,10714860,0,0,1,1,Low
HP,4,2,0,5,12.5,1.2,8,240,1.09,27565200,0,1,0,0,Medium
Lenovo,3,3,0,7,15.6,2.7,6,256,2.2,7015788,0,0,1,1,Low
HP,3,3,0,7,15.6,2.7,8,256,2.04,9060859,0,0,1,1,Low
Acer,3,2,0,3,15.6,2.4,4,256,2.4,4437108,0,0,1,1,Low
Lenovo,3,2,0,5,13.3,2.5,4,128,1.44,7833852,0,0,1,1,Low
HP,3,2,0,5,13.3,2.5,8,256,1.49,8536320,0,0,1,1,Low
MSI,1,3,0,7,17.3,2.8,16,256,2.7,14218308,0,0,1,1,Low
Dell,1,3,0,7,15.6,2.8,16,128,2.6,11995308,0,0,1,1,Low
MSI,1,3,0,5,15.6,2.5,8,128,2.2,9958239,0,0,1,1,Low
Dell,3,1,0,5,15.6,2.5,4,256,2.18,6090931,0,0,0,0,Low
HP,4,1,0,7,15.6,2.5,8,256,1.84,11532835,0,0,1,1,Low
HP,4,2,0,7,13.3,2.7,8,256,1.39,10216908,0,1,0,0,Low
Toshiba,3,3,0,7,15.6,2.6,16,256,2.4,17561700,1,0,1,1,Low
Lenovo,3,2,0,5,13.3,2.5,8,512,1.37,16227900,1,1,1,1,Low
Dell,3,2,0,5,15.6,2.3,4,256,1.95,6490270,0,0,0,0,Low
Lenovo,4,2,0,7,12.5,2.7,8,256,1.36,14671800,1,0,1,1,Low
HP,3,2,0,5,15.6,2.3,8,256,2.31,10359180,0,0,1,1,Low
Dell,3,2,0,5,15.6,2.5,4,256,2.18,6296069,0,0,0,0,Low
HP,3,2,0,5,14.0,2.3,4,256,1.95,10216908,0,0,0,0,Low
Lenovo,3,2,0,5,15.6,1.1,4,256,2.2,2747628,0,0,0,0,Low
HP,4,2,0,5,12.5,2.3,4,256,1.26,14040468,0,0,1,1,Low
HP,3,2,1,5,15.6,1.6,4,256,1.86,2568898,0,0,0,0,Low
Lenovo,3,2,0,7,13.3,2.2,16,256,1.3,15996708,1,1,0,0,Low
Toshiba,3,2,0,5,14.0,2.3,4,128,1.47,9825660,1,0,1,1,Low
HP,2,2,0,5,12.5,2.3,8,256,1.26,14840748,0,0,1,1,Low
Dell,3,2,0,3,15.6,2.0,4,256,2.18,4967071,0,0,0,0,Low
MSI,1,3,0,7,15.6,2.8,8,128,2.2,10661508,0,0,1,1,Low
Dell,4,2,0,5,14.0,2.5,8,256,1.36,14573988,0,0,1,1,Low
Dell,1,3,0,7,17.3,2.7,16,512,4.36,24524136,0,0,0,0,Medium
HP,1,3,0,5,17.3,2.3,8,128,2.75,12439908,1,0,1,1,Low
Asus,3,3,0,5,17.3,1.6,4,256,2.8,4712760,0,0,0,0,Low
Acer,3,2,0,5,15.6,2.5,4,256,2.23,5504148,0,0,0,0,Low
Toshiba,3,2,0,5,15.6,2.3,8,256,2.2,9950148,0,0,0,0,Low
Lenovo,3,2,0,5,11.3,1.2,8,256,1.1,11550708,1,1,1,1,Low
Lenovo,1,1,0,5,15.6,2.1,16,512,2.5,8883108,1,0,1,1,Low
Dell,4,2,0,5,12.5,2.5,8,256,1.36,13090802,0,1,1,1,Low
Lenovo,3,3,1,7,15.6,2.7,8,256,2.2,6091020,0,0,1,1,Low
Dell,3,1,0,3,17.3,2.0,4,256,2.36,5859828,0,0,0,0,Low
Acer,3,2,3,5,14.0,1.6,4,256,1.68,3103308,0,0,0,0,Low
HP,5,3,0,7,15.6,2.7,8,8,2.0,19998108,1,0,1,1,Medium
Dell,4,2,0,7,14.0,2.8,8,256,1.36,15783300,0,0,1,1,Low
Toshiba,3,2,0,5,13.3,2.3,8,256,1.2,12982320,0,0,1,1,Low
Asus,3,2,3,5,12.5,1.2,8,256,1.2,10305828,0,0,1,1,Low
Lenovo,4,2,0,7,14.0,2.6,8,256,1.7,13240099,1,0,1,1,Low
Dell,1,3,0,7,17.3,2.8,16,512,4.36,28045368,1,0,0,0,Medium
Dell,3,2,0,5,13.3,1.2,8,256,1.24,16885908,0,1,1,1,Low
HP,3,2,0,5,11.6,1.1,4,256,1.45,6891300,0,1,0,0,Low
Dell,4,2,0,7,13.3,2.5,8,256,1.3,11275056,0,0,0,0,Low
Acer,3,2,3,5,11.6,1.6,4,256,1.25,3458988,1,1,0,0,Low
Toshiba,3,2,0,5,13.3,2.4,8,256,1.2,13649220,0,0,1,1,Low
Lenovo,4,2,0,5,12.5,2.6,8,256,1.36,15649920,1,0,1,1,Low
Acer,3,3,0,5,15.6,2.5,12,128,2.4,8972028,0,0,1,1,Low
Toshiba,4,2,0,7,12.5,2.7,8,512,1.1,15916680,0,1,1,1,Low
HP,3,3,0,5,15.6,2.5,8,256,2.04,7527078,0,0,0,0,Low
Dell,3,1,2,3,15.6,2.0,4,256,2.25,4140293,0,0,0,0,Low
Dell,3,2,0,5,15.6,2.5,4,256,1.9,7335900,0,0,0,0,Low
HP,3,2,0,3,15.6,2.4,4,256,2.04,6091020,0,0,1,1,Low
Dell,1,3,0,7,17.3,2.8,32,256,4.42,28000908,1,0,1,1,Medium
Lenovo,3,3,0,5,15.6,2.5,6,256,2.4,6179940,0,0,1,1,Low
Dell,3,2,0,7,13.3,1.3,16,512,1.22,16885908,0,1,0,0,Low
Dell,4,2,0,7,14.0,2.6,8,256,1.5,17454818,0,1,0,0,Low
Dell,1,3,0,7,17.3,2.6,32,256,4.42,24897600,0,0,1,1,Medium
Toshiba,3,2,0,5,14.0,2.3,8,256,1.95,10492560,0,0,1,1,Low
Asus,1,3,0,7,17.3,2.8,16,256,2.73,18227710,0,0,1,1,Low
HP,3,3,0,5,15.6,2.7,8,128,2.04,8705268,1,0,1,1,Low
Lenovo,3,2,0,5,14.0,2.3,4,256,1.7,8909784,0,0,0,0,Low
